marque,modele,finition,annee,nb_occurrences
Abarth,Abarth 124 Spider,1.4 Turbo Turismo BVA,2019,1
Abarth,Abarth 500,1.4 Turbo T-Jet 595,2020,2
Abarth,Abarth 500,1.4 Turbo T-Jet 595,2022,1
Abarth,Abarth 500,1.4 Turbo T-Jet 595 Pista,2018,1
Abarth,Abarth 500,1.4 Turbo T-Jet 595 Turismo,2020,1
Abarth,Abarth 500,1.4 Turbo T-Jet 595 Turismo MSQ,2019,1
Abarth,Abarth 595,1.4 Turbo T-Jet 595,2017,1
Abarth,Abarth 595C,C 1.4 Turbo T-Jet 595 Scorpioneoro,2020,1
Alfa,Alfa Romeo Giulia,2.2 Sprint AT8,2020,1
Alfa,Alfa Romeo Giulia,2.2 Super AT8,2021,1
Alfa,Alfa Romeo Giulietta,1.4 TB MultiAir Super Alfa TCT,2018,1
Alfa,Alfa Romeo Giulietta,1.4 TJet Sprint,2019,1
Alfa,Alfa Romeo Giulietta,1.6 JTDM Giulietta,2017,1
Alfa,Alfa Romeo Giulietta,1.6 JTDM Super,2018,1
Alfa,Alfa Romeo Giulietta,2.0 JTDM Veloce Alfa TCT,2021,1
Alfa,Alfa Romeo Stelvio,2.2 Diesel Executive AT8,2018,1
Alfa,Alfa Romeo Stelvio,2.2 Diesel Q4 Super AT8,2017,1
Alfa,Alfa Romeo Tonale,1.5 Hybrid Sprint TCT7,2024,1
Alfa,Alfa Romeo Tonale,1.5 Hybrid VGT Veloce TCT7,2023,1
Audi,Audi A1,Sportback 1.0 TFSI Ultra Ambition Luxe S Tronic,2018,1
Audi,Audi A1,Sportback 1.0 TFSI Ultra S Line S Tronic,2017,2
Audi,Audi A1,Sportback 25 TFSI Advanced 2,2023,1
Audi,Audi A1,Sportback 25 TFSI Advanced 2 S Tronic 7,2021,1
Audi,Audi A1,Sportback 25 TFSI Advanced S Tronic 7,2019,1
Audi,Audi A1,Sportback 25 TFSI Design S Tronic 7,2021,1
Audi,Audi A1,Sportback 30 TFSI,2020,1
Audi,Audi A1,Sportback 30 TFSI,2023,1
Audi,Audi A1,Sportback 30 TFSI Advanced,2021,1
Audi,Audi A1,Sportback 30 TFSI Advanced S Tronic 7,2020,1
Audi,Audi A1,Sportback 30 TFSI Advanced S Tronic 7,2021,1
Audi,Audi A1,Sportback 30 TFSI Design,2019,1
Audi,Audi A1,Sportback 30 TFSI Design Luxe S Tronic 7,2021,1
Audi,Audi A1,Sportback 30 TFSI Design S Tronic 7,2018,3
Audi,Audi A1,Sportback 30 TFSI Design S Tronic 7,2020,1
Audi,Audi A1,Sportback 30 TFSI Design S Tronic 7,2021,1
Audi,Audi A1,Sportback 30 TFSI S Line S Tronic 7,2018,1
Audi,Audi A1,Sportback 30 TFSI S Line S Tronic 7,2019,1
Audi,Audi A1,Sportback 30 TFSI S Line S Tronic 7,2021,2
Audi,Audi A1,Sportback 40 TFSI S Line S Tronic 6,2019,1
Audi,Audi A1,Sportback 40 TFSI S Line S Tronic 7,2023,1
Audi,Audi A1 citycarver,30 TFSI S Tronic 7,2021,1
Audi,Audi A3,1.0 TFSI Sport,2017,1
Audi,Audi A3,Sportback 1.4 TFSI COD Sport S Tronic 7,2017,1
Audi,Audi A3,Sportback 2.0 TDI Design Luxe S Tronic 6,2018,1
Audi,Audi A3,Sportback 30 TDI Design Luxe S Tronic 7,2019,2
Audi,Audi A3,Sportback 30 TFSI S Line S Tronic 7,2019,2
Audi,Audi A3,Sportback 30 TFSI Sport Limited,2019,1
Audi,Audi A3,Sportback 30 TFSI mHEV Design S Tronic,2021,1
Audi,Audi A3,Sportback 35 TDI Design Luxe S Tronic 7,2021,1
Audi,Audi A3,Sportback 35 TDI S Tronic 7,2020,1
Audi,Audi A3,Sportback 35 TDI S Tronic 7,2023,1
Audi,Audi A3,Sportback 35 TFSI COD Design Luxe S Tronic 7,2019,1
Audi,Audi A3,Sportback 35 TFSI COD S Line S Tronic 7,2019,1
Audi,Audi A3,Sportback 35 TFSI COD S Line S Tronic 7,2021,1
Audi,Audi A3,Sportback 35 TFSI COD Sport S Tronic 7,2020,1
Audi,Audi A3,Sportback 35 TFSI mHEV Design S Tronic 7,2023,2
Audi,Audi A3,Sportback 35 TFSI mHEV S Line S Tronic 7,2022,1
Audi,Audi A3 Limousine,1.6 TDI S Tronic,2019,1
Audi,Audi A3 Limousine,2.0 TDI Design S Tronic 6,2017,1
Audi,Audi A3 Limousine,2.0 TDI S Tronic 7,2019,1
Audi,Audi A3 Limousine,35 TFSI mHEV S Line S Tronic 7,2021,1
Audi,Audi A4,1.4 TFSI S Line,2018,1
Audi,Audi A4,30 TDI S Line S Tronic,2021,1
Audi,Audi A4,40 TDI S Tronic,2020,1
Audi,Audi A4,Avant 1.4 TFSI S Line S Tronic,2018,1
Audi,Audi A4,Avant 35 TFSI S Line S Tronic 7,2022,1
Audi,Audi A4,Avant 40 TFSI Ultra Design Luxe S Tronic,2019,1
Audi,Audi A4,Avant 40 TFSI Ultra S Line S Tronic,2022,1
Audi,Audi A5 Sportback,40 TFSI S Line S Tronic 7,2020,3
Audi,Audi A5 Sportback,40 TFSI S Line S Tronic 7,2022,2
Audi,Audi A6,Avant 2.0 TDI S Line S Tronic Quattro,2018,1
Audi,Audi Q2,1.6 TDI Sport Edition,2017,1
Audi,Audi Q2,30 TDI Business Line S Tronic,2022,1
Audi,Audi Q2,35 TDI S Line Quattro S Tronic,2018,1
Audi,Audi Q2,35 TFSI COD Sport S Tronic,2019,2
Audi,Audi Q2,35 TFSI S Line S Tronic,2020,2
Audi,Audi Q2,35 TFSI S Tronic,2019,2
Audi,Audi Q2,35 TFSI S Tronic,2023,2
Audi,Audi Q3,1.4 TFSI COD S Line S Tronic,2018,2
Audi,Audi Q3,1.4 TFSI COD Ultra,2018,1
Audi,Audi Q3,2.0 TDI S Line Quattro S Tronic,2017,1
Audi,Audi Q3,2.0 TDI SLine S Tronic,2017,1
Audi,Audi Q3,35 TDI Design Luxe S Tronic 7,2019,1
Audi,Audi Q3,35 TDI S Line S Tronic 7,2020,2
Audi,Audi Q3,35 TDI S Line S Tronic 7,2022,2
Audi,Audi Q3,35 TFSI MHEV S Line S Tronic 7,2021,2
Audi,Audi Q3,35 TFSI S Line S Tronic 7,2021,1
Audi,Audi Q3,40 TFSI S Line Quattro S Tronic,2019,1
Audi,Audi Q3 Sportback,35 TDI Business Line S Tronic 7,2020,1
Audi,Audi Q3 Sportback,35 TDI S Line S Tronic 7,2021,2
Audi,Audi Q3 Sportback,35 TFSI S Tronic 7,2020,1
Audi,Audi Q5,2.0 TDI Design Quattro S Tronic 7,2017,1
Audi,Audi Q5,40 TDI Avus Quattro S Tronic 7,2020,2
Audi,Audi Q5,40 TDI S Line Quattro S Tronic 7,2019,1
Audi,Audi TT,Coupé 2.0 TFSI S Line,2017,2
Audi,Audi TT,Coupé 40 TFSI S Line S Tronic,2019,1
Audi,Audi TT,Coupé 40 TFSI S Line S Tronic,2020,1
BMW,BMW Série 1,116d M Sport BVA8,2018,1
BMW,BMW Série 1,116dA M Sport Ultimate,2019,1
BMW,BMW Série 1,116i Edition Sport DKG7,2021,2
BMW,BMW Série 1,116i M Sport,2017,1
BMW,BMW Série 1,116i M Sport Ultimate,2018,3
BMW,BMW Série 1,116i M Sport Ultimate,2019,1
BMW,BMW Série 1,116i UrbanChic,2019,1
BMW,BMW Série 1,118d BVA8,2018,1
BMW,BMW Série 1,118d BVA8,2019,1
BMW,BMW Série 1,118d M Sport BVA,2020,2
BMW,BMW Série 1,118d M Sport BVA8,2018,1
BMW,BMW Série 1,118i M Sport BVA8,2017,2
BMW,BMW Série 1,118i M Sport DKG7,2020,3
BMW,BMW Série 1,118i M Sport DKG7,2021,3
BMW,BMW Série 1,118i M Sport DKG7,2022,1
BMW,BMW Série 1,118i M Sport DKG7,2023,2
BMW,BMW Série 1,118iA M Sport Ultimate,2018,2
BMW,BMW Série 1,120d xDrive M Sport BVA,2023,1
BMW,BMW Série 2,Active Tourer 216d M Sport BVA6,2018,1
BMW,BMW Série 2,Active Tourer 216i M Sport,2018,1
BMW,BMW Série 2,Active Tourer 218d xDrive Luxury,2017,1
BMW,BMW Série 2,Active Tourer 225xe M Sport BVA6,2019,2
BMW,BMW Série 2,Active Tourer 225xeA Advantage,2018,1
BMW,BMW Série 2,Cabriolet 218d M Sport BVA8,2018,1
BMW,BMW Série 2,Gran Coupé 218d M Sport BV8,2021,1
BMW,BMW Série 2,Gran Coupé 218i M Sport Auto 7,2021,1
BMW,BMW Série 2,Gran Coupé 220i DKG7,2023,1
BMW,BMW Série 2,Gran Tourer 216d M Sport,2018,1
BMW,BMW Série 3,316d Lounge,2017,1
BMW,BMW Série 3,320d xDrive M Sport BVA8,2024,1
BMW,BMW Série 3,330e Hybride Sport BVA8,2018,2
BMW,BMW Série 3,330i M Sport BVA8,2020,1
BMW,BMW Série 3,GT 320d M Sport BVA8,2019,1
BMW,BMW Série 3,Touring 320d M Sport BVA8,2020,2
BMW,BMW Série 3,Touring 320i M Sport BVA8,2020,1
BMW,BMW Série 4,Coupé 420d M Sport BVA8,2022,2
BMW,BMW Série 4,Gran Coupé 420d M Sport BVA8,2019,1
BMW,BMW Série 5,520d M Sport BVA8,2020,1
BMW,BMW Série 5,530eA iPerformance Luxury,2017,1
BMW,BMW X1,sDrive16d xLine DKG7,2019,1
BMW,BMW X1,sDrive16d xLine DKG7,2021,1
BMW,BMW X1,sDrive18d M Sport BVA8,2017,1
BMW,BMW X1,sDrive18d xLine BVA8,2020,2
BMW,BMW X1,sDrive18i M Sport DKG7,2018,2
BMW,BMW X1,sDrive18i M Sport DKG7,2019,1
BMW,BMW X1,sDrive18i M Sport DKG7,2022,1
BMW,BMW X1,sDrive18i xLine,2020,1
BMW,BMW X1,sDrive18i xLine DKG7,2021,4
BMW,BMW X1,xDrive20d xLine BVA8,2019,1
BMW,BMW X1,xDrive25i M Sport BVA8,2017,1
BMW,BMW X2,sDrive16d Lounge,2019,1
BMW,BMW X2,sDrive18d BVA8,2020,1
BMW,BMW X2,sDrive18dA M Sport,2021,1
BMW,BMW X2,sDrive18i M Sport DKG7,2022,2
BMW,BMW X2,sDrive20i M Sport DKG7,2019,1
BMW,BMW X2,xDrive18d Lounge BVA8,2019,1
BMW,BMW X2,xDrive25e M Sport BVA6,2020,2
BMW,BMW X3,xDrive20dA M Sport,2020,1
BMW,BMW X3,xDrive20iA xLine,2017,2
BMW,BMW X4,xDrive30dA M Sport,2019,1
BMW,BMW Z4,sDrive30iA M Sport,2019,1
Citroen,Citroen Berlingo,Multispace Taille M 1.2 PureTech Feel BV6,2021,1
Citroen,Citroen Berlingo,Multispace Taille M 1.2 PureTech Feel Pack EAT8,2021,1
Citroen,Citroen Berlingo,Multispace Taille M 1.2 PureTech Shine BV6,2019,3
Citroen,Citroen Berlingo,Multispace Taille M 1.5 Blue-HDi Feel,2021,2
Citroen,Citroen Berlingo,Multispace Taille M 1.5 Blue-HDi Feel Pack BV6,2022,2
Citroen,Citroen Berlingo,Multispace Taille M 1.5 Blue-HDi Rip Curl,2021,2
Citroen,Citroen Berlingo,Multispace Taille M 1.5 Blue-HDi Shine BV6,2020,1
Citroen,Citroen Berlingo,Multispace Taille XL 1.5 Blue-HDi Shine BV6,2019,2
Citroen,Citroen C1,1.0 VTi Feel,2017,2
Citroen,Citroen C1,1.0 VTi Feel,2018,1
Citroen,Citroen C1,1.0 VTi Feel ETG,2018,1
Citroen,Citroen C1,1.0 VTi Live,2020,1
Citroen,Citroen C1,1.0 VTi Shine,2021,1
Citroen,Citroen C1,1.2 PureTech Feel Edition,2017,1
Citroen,Citroen C3,1.2 PureTech Elle,2018,2
Citroen,Citroen C3,1.2 PureTech Elle EAT6,2023,3
Citroen,Citroen C3,1.2 PureTech Feel,2017,1
Citroen,Citroen C3,1.2 PureTech Feel,2019,1
Citroen,Citroen C3,1.2 PureTech Feel,2020,1
Citroen,Citroen C3,1.2 PureTech Feel,2021,1
Citroen,Citroen C3,1.2 PureTech Feel BV6,2018,1
Citroen,Citroen C3,1.2 PureTech Feel Pack,2020,1
Citroen,Citroen C3,1.2 PureTech Feel Pack,2021,1
Citroen,Citroen C3,1.2 PureTech Feel Pack BV6,2021,1
Citroen,Citroen C3,1.2 PureTech Graphic,2018,1
Citroen,Citroen C3,1.2 PureTech Graphic,2019,3
Citroen,Citroen C3,1.2 PureTech Graphic,2020,2
Citroen,Citroen C3,1.2 PureTech Live,2020,2
Citroen,Citroen C3,1.2 PureTech Origins,2019,3
Citroen,Citroen C3,1.2 PureTech Origins,2020,2
Citroen,Citroen C3,1.2 PureTech Shine,2017,1
Citroen,Citroen C3,1.2 PureTech Shine,2018,6
Citroen,Citroen C3,1.2 PureTech Shine,2019,2
Citroen,Citroen C3,1.2 PureTech Shine,2020,2
Citroen,Citroen C3,1.2 PureTech Shine BV6,2019,3
Citroen,Citroen C3,1.2 PureTech Shine EAT6,2018,1
Citroen,Citroen C3,1.2 PureTech Shine EAT6,2019,2
Citroen,Citroen C3,1.2 PureTech Shine Pack,2021,2
Citroen,Citroen C3,1.2 PureTech Shine Pack BV6,2020,1
Citroen,Citroen C3,1.2 PureTech Shine Pack EAT6,2021,3
Citroen,Citroen C3,1.2 PureTech You,2023,3
Citroen,Citroen C3,1.2 PureTech You,2024,2
Citroen,Citroen C3,1.5 Blue-HDi Feel Pack,2021,2
Citroen,Citroen C3,1.5 Blue-HDi Shine BV6,2019,2
Citroen,Citroen C3,1.5 Blue-HDi Shine BV6,2023,1
Citroen,Citroen C3,1.6 Blue-HDi Feel,2017,1
Citroen,Citroen C3,1.6 Blue-HDi Feel Business,2018,1
Citroen,Citroen C3,1.6 Blue-HDi Shine,2017,1
Citroen,Citroen C3,1.6 Blue-HDi Shine,2018,1
Citroen,Citroen C3 Aircross,1.2 PureTech Feel,2018,1
Citroen,Citroen C3 Aircross,1.2 PureTech Feel EAT6,2018,1
Citroen,Citroen C3 Aircross,1.2 PureTech Feel EAT6,2019,2
Citroen,Citroen C3 Aircross,1.2 PureTech Feel Pack BV6,2021,1
Citroen,Citroen C3 Aircross,1.2 PureTech Shine,2018,2
Citroen,Citroen C3 Aircross,1.2 PureTech Shine BV6,2020,3
Citroen,Citroen C3 Aircross,1.2 PureTech Shine BV6,2023,1
Citroen,Citroen C3 Aircross,1.2 PureTech Shine EAT6,2018,6
Citroen,Citroen C3 Aircross,1.2 PureTech Shine EAT6,2019,1
Citroen,Citroen C3 Aircross,1.2 PureTech Shine EAT6,2021,1
Citroen,Citroen C3 Aircross,1.2 PureTech Shine Pack BV6,2021,1
Citroen,Citroen C3 Aircross,1.2 PureTech Shine Pack EAT6,2022,1
Citroen,Citroen C3 Aircross,1.5 Blue-HDi Feel Business BV6,2020,1
Citroen,Citroen C3 Aircross,1.5 Blue-HDi Feel Pack Business EAT6,2022,1
Citroen,Citroen C3 Aircross,1.5 Blue-HDi Shine BV6,2020,1
Citroen,Citroen C3 Aircross,1.5 Blue-HDi Shine BV6,2021,2
Citroen,Citroen C3 Aircross,1.5 Blue-HDi Shine Pack BV6,2021,1
Citroen,Citroen C3 Aircross,1.5 Blue-HDi Shine Pack EAT6,2022,2
Citroen,Citroen C3 Aircross,1.6 Blue-HDi Feel,2017,1
Citroen,Citroen C4,1.2 PureTech Feel Pack EAT8,2022,1
Citroen,Citroen C4,1.2 PureTech Millenium,2018,4
Citroen,Citroen C4,1.2 PureTech Shine BV6,2021,1
Citroen,Citroen C4,1.2 PureTech Shine EAT8,2021,2
Citroen,Citroen C4,1.2 PureTech Shine EAT8,2022,1
Citroen,Citroen C4,1.2 PureTech Shine Pack EAT8,2022,1
Citroen,Citroen C4,1.5 Blue-HDi Feel EAT8,2021,3
Citroen,Citroen C4,1.5 Blue-HDi Feel Pack Business EAT8,2021,1
Citroen,Citroen C4,1.5 Blue-HDi Feel Pack EAT8,2022,1
Citroen,Citroen C4,1.5 Blue-HDi Shine BV6,2021,1
Citroen,Citroen C4,1.5 Blue-HDi Shine EAT8,2023,1
Citroen,Citroen C4 Cactus,1.2 PureTech Feel,2017,1
Citroen,Citroen C4 Cactus,1.2 PureTech Feel BV6,2020,1
Citroen,Citroen C4 Cactus,1.2 PureTech Shine,2017,1
Citroen,Citroen C4 Cactus,1.2 PureTech Shine BV6,2019,6
Citroen,Citroen C4 Cactus,1.2 PureTech Shine EAT6,2019,2
Citroen,Citroen C4 Cactus,1.5 Blue-HDi C-Series EAT6,2020,1
Citroen,Citroen C4 Cactus,1.5 Blue-HDi Feel Business BV6,2019,2
Citroen,Citroen C4 Cactus,1.5 Blue-HDi Feel Business EAT6,2020,1
Citroen,Citroen C4 Grand Picasso,1.2 PureTech Feel,2017,1
Citroen,Citroen C4 Grand Picasso,1.2 PureTech Shine BV6,2019,1
Citroen,Citroen C4 Grand Spacetourer,1.5 Blue-HDi Business BV6,2021,1
Citroen,Citroen C4 Grand Spacetourer,1.5 Blue-HDi Shine EAT8,2019,1
Citroen,Citroen C4 Picasso,(2) 1.2 PureTech Feel BV6,2018,1
Citroen,Citroen C4 Picasso,(2) 1.2 PureTech Live BV6,2017,1
Citroen,Citroen C4 Picasso,(2) 1.2 PureTech Shine BV6,2018,2
Citroen,Citroen C4 Picasso,(2) 1.2 PureTech Shine EAT6,2019,1
Citroen,Citroen C4 Spacetourer,1.5 Blue-HDi Feel BV6,2019,2
Citroen,Citroen C5 Aircross,1.2 PureTech Feel BV6,2019,1
Citroen,Citroen C5 Aircross,1.2 PureTech Feel BV6,2020,1
Citroen,Citroen C5 Aircross,1.2 PureTech Live BV6,2020,1
Citroen,Citroen C5 Aircross,1.2 PureTech Shine,2020,1
Citroen,Citroen C5 Aircross,1.2 PureTech Shine EAT8,2022,2
Citroen,Citroen C5 Aircross,1.5 Blue-HDi Business EAT8,2020,1
Citroen,Citroen C5 Aircross,1.5 Blue-HDi Feel BV6,2018,1
Citroen,Citroen C5 Aircross,1.5 Blue-HDi Feel EAT8,2020,2
Citroen,Citroen C5 Aircross,1.5 Blue-HDi Shine EAT8,2020,1
Citroen,Citroen C5 Aircross,1.5 Blue-HDi Shine EAT8,2023,2
Citroen,Citroen C5 Aircross,1.5 Blue-HDi Shine Pack EAT8,2020,1
Citroen,Citroen C5 Aircross,1.5 Blue-HDi Shine Pack EAT8,2021,1
Citroen,Citroen C5 Aircross,1.6 Hybrid Shine Pack e-EAT8,2020,2
Citroen,Citroen C5 Aircross,1.6 Hybrid Shine e-EAT8,2021,1
Citroen,Citroen C5 Aircross,1.6 PureTech Feel EAT8,2020,1
Citroen,Citroen C5 Aircross,1.6 PureTech Shine EAT8,2019,3
Citroen,Citroen C5 Aircross,2.0 Blue-HDi Shine EAT8,2020,1
Citroen,Citroen C5 X,1.6 PureTech Shine EAT8,2022,1
Citroen,Citroen C5 X,1.6 PureTech Shine EAT8,2023,2
Citroen,Citroen DS3,1.2 PureTech Connected Chic EAT6,2018,1
Citroen,Citroen DS3,1.2 PureTech Performance Line,2018,1
Citroen,Citroen DS3 Cabrio,Cabriolet 1.2 PureTech Performance Line Automatique,2019,1
Citroen,Citroen DS3 Cabrio,Cabriolet 1.2 PureTech So Chic EAT6,2017,2
Citroen,Citroen DS4,1.2 PureTech Be Chic BV6,2018,1
Citroen,Citroen DS4 Crossback,1.2 PureTech Sport Chic,2018,2
Citroen,Citroen DS5,2.0 Blue-HDi Sport Chic EAT6,2017,1
Citroen,Citroen DS5,2.0 Blue-HDi Sport Chic EAT6,2018,1
Citroen,Citroen Spacetourer,Taille M 1.5 Blue-HDi Feel BV6,2020,1
Cupra,Cupra Formentor,1.4 e-Hybrid V DSG6,2022,1
Cupra,Cupra Formentor,1.5 TSI Business Edition DSG7,2023,1
Cupra,Cupra Leon,1.5 eTSI V DSG7,2023,1
Cupra,Cupra Leon,2.0 TSI V DSG7,2022,1
DS,DS Automobiles DS3,1.2 PureTech Forever Automatique,2019,1
DS,DS Automobiles DS3,1.2 PureTech Performance Line + EAT8,2022,1
DS,DS Automobiles DS3,1.2 PureTech Performance Line + EAT8,2023,1
DS,DS Automobiles DS3,1.2 PureTech So Chic EAT6,2019,1
DS,DS Automobiles DS3 Crossback,1.2 PureTech Grand Chic Automatique,2019,1
DS,DS Automobiles DS3 Crossback,1.2 PureTech Grand Chic Automatique,2020,4
DS,DS Automobiles DS3 Crossback,1.2 PureTech La Premiere Automatique,2019,1
DS,DS Automobiles DS3 Crossback,1.2 PureTech Performance Line + EAT8,2022,1
DS,DS Automobiles DS3 Crossback,1.2 PureTech So Chic,2021,1
DS,DS Automobiles DS3 Crossback,1.2 PureTech So Chic Automatique,2019,1
DS,DS Automobiles DS3 Crossback,1.2 PureTech Toits de Paris EAT8,2022,1
DS,DS Automobiles DS3 Crossback,1.5 Blue-HDi Grand Chic,2019,1
DS,DS Automobiles DS3 Crossback,1.5 Blue-HDi Grand Chic Automatique,2019,1
DS,DS Automobiles DS3 Crossback,1.5 Blue-HDi Rivoli EAT8,2022,2
DS,DS Automobiles DS3 Crossback,1.5 Blue-HDi So Chic Automatique,2021,2
DS,DS Automobiles DS4,1.6 E-Tense Hybride Performance Line + EAT8,2022,1
DS,DS Automobiles DS4,1.6 E-Tense Hybride Rivoli EAT8,2021,2
DS,DS Automobiles DS7,1.5 Blue-HDi Opera EAT8,2022,2
DS,DS Automobiles DS7 Crossback,1.5 Blue-HDi Performance Line + Automatique,2020,1
DS,DS Automobiles DS7 Crossback,1.5 Blue-HDi Performance Line + Automatique,2021,1
DS,DS Automobiles DS7 Crossback,1.5 Blue-HDi Performance Line Automatique,2021,1
DS,DS Automobiles DS7 Crossback,1.6 E-Tense 4x4 Grand Chic Automatique,2020,1
DS,DS Automobiles DS7 Crossback,1.6 E-Tense 4x4 Rivoli Automatique,2021,2
DS,DS Automobiles DS7 Crossback,1.6 PureTech Grand Chic Automatique,2018,1
DS,DS Automobiles DS7 Crossback,1.6 PureTech La Premiere Automatique,2018,1
DS,DS Automobiles DS7 Crossback,1.6 PureTech Performance Line + Automatique,2018,1
DS,DS Automobiles DS7 Crossback,1.6 PureTech Performance Line Automatique,2020,2
Dacia,Dacia Dokker,1.3 TCe Essentiel,2019,1
Dacia,Dacia Duster,1.0 TCe Essential 4x2,2020,1
Dacia,Dacia Duster,1.0 TCe Essentiel 4x2,2020,1
Dacia,Dacia Duster,1.0 TCe Prestige 4x2,2021,1
Dacia,Dacia Duster,1.2 TCe Prestige 4x2,2018,3
Dacia,Dacia Duster,1.3 TCe Confort 4x2,2021,1
Dacia,Dacia Duster,1.3 TCe Journey 4x2,2023,1
Dacia,Dacia Duster,1.3 TCe Journey 4x2 EDC,2023,1
Dacia,Dacia Duster,1.3 TCe Prestige 4x2,2019,2
Dacia,Dacia Duster,1.3 TCe Prestige 4x2,2021,2
Dacia,Dacia Duster,1.5 Blue dCi 15 Ans 4x2,2021,1
Dacia,Dacia Duster,1.5 Blue dCi SL Extreme 4x2,2022,1
Dacia,Dacia Duster,1.5 dCi Blue Confort 4x2,2020,2
Dacia,Dacia Duster,1.5 dCi Blue Prestige 4x2,2019,5
Dacia,Dacia Duster,1.5 dCi Blue Prestige 4x2,2020,4
Dacia,Dacia Duster,1.5 dCi Blue Prestige 4x2,2021,1
Dacia,Dacia Duster,1.5 dCi Blue Prestige 4x2,2022,1
Dacia,Dacia Duster,1.5 dCi Blue Prestige 4x4,2021,3
Dacia,Dacia Duster,1.6 SCe Essentiel 4x2,2018,2
Dacia,Dacia Jogger,1.0 TCe SL Extreme +,2022,1
Dacia,Dacia Jogger,1.0 TCe SL Extreme +,2023,2
Dacia,Dacia Jogger,1.6 Hybrid Expression,2023,2
Dacia,Dacia Lodgy,1.5 Blue dCi 15 ans,2020,2
Dacia,Dacia Logan MCV,1.5 dCi Blue Techroad,2019,1
Dacia,Dacia Sandero,0.9 TCe Explorer,2017,3
Dacia,Dacia Sandero,1.0 SCe City+,2020,1
Dacia,Dacia Sandero,1.0 TCe Comfort CVT,2022,1
Dacia,Dacia Sandero,1.0 TCe Expression,2023,1
Dacia,Dacia Sandero,1.0 TCe Expression CVT,2023,2
Dacia,Dacia Sandero,1.0 TCe Expression CVT,2024,2
Dacia,Dacia Sandero,1.5 dCi Blue Techroad,2019,1
Dacia,Dacia Sandero,Stepway 0.9 TCe,2017,2
Dacia,Dacia Sandero,Stepway 0.9 TCe,2018,1
Dacia,Dacia Sandero,Stepway 0.9 TCe Comfort,2019,1
Dacia,Dacia Sandero,Stepway 1.0 SCe Urban,2018,2
Dacia,Dacia Sandero,Stepway 1.0 SCe Urban,2019,1
Dacia,Dacia Sandero,Stepway 1.0 TCe,2020,2
Dacia,Dacia Sandero,Stepway 1.0 TCe CVT,2021,1
Dacia,Dacia Sandero,Stepway 1.0 TCe Confort,2021,5
Dacia,Dacia Sandero,Stepway 1.0 TCe Confort CVT,2021,2
Dacia,Dacia Sandero,Stepway 1.0 TCe Confort CVT,2022,1
Dacia,Dacia Sandero,Stepway 1.0 TCe Essentiel,2021,1
Dacia,Dacia Sandero,Stepway 1.0 TCe Essentiel,2022,1
Dacia,Dacia Sandero,Stepway 1.0 TCe Expression,2023,4
Dacia,Dacia Sandero,Stepway 1.0 TCe Expression CVT,2023,3
Dacia,Dacia Sandero,Stepway 1.5 dCi Blue,2018,1
Dacia,Dacia Sandero,Stepway 1.5 dCi Blue,2019,1
Dacia,Dacia Sandero,Stepway 1.5 dCi Blue,2020,2
Fiat,Fiat 500,0.9 TwinAir Lounge,2018,1
Fiat,Fiat 500,1.0 Hybrid BSG DolceVita,2022,1
Fiat,Fiat 500,1.0 Hybrid BSG Dolcevita,2022,7
Fiat,Fiat 500,1.0 Hybrid BSG Lounge,2020,1
Fiat,Fiat 500,1.0 Hybrid BSG Lounge,2021,1
Fiat,Fiat 500,1.0 Hybrid BSG Sport,2021,1
Fiat,Fiat 500,1.0 Hybride BSG Star,2020,2
Fiat,Fiat 500,1.2 Lounge,2017,2
Fiat,Fiat 500,1.2 Lounge,2018,3
Fiat,Fiat 500,1.2 Lounge,2020,2
Fiat,Fiat 500,1.2 Lounge Dualogic,2018,2
Fiat,Fiat 500,1.2 Lounge Dualogic,2019,3
Fiat,Fiat 500,1.2 Star,2019,4
Fiat,Fiat 500,1.2 Star,2020,1
Fiat,Fiat 500,1.2 Star Dualogic,2020,1
Fiat,Fiat 500C,C 1.0 BSG Lounge,2020,1
Fiat,Fiat 500C,C 1.0 BSG Star,2020,1
Fiat,Fiat 500C,C 1.0 Hybrid BSG Dolcevita,2021,1
Fiat,Fiat 500C,C 1.2 Lounge,2017,1
Fiat,Fiat 500C,C 1.2 Lounge,2018,1
Fiat,Fiat 500C,C 1.2 Star,2019,1
Fiat,Fiat 500C,C 1.2 Star Dualogic,2020,1
Fiat,Fiat 500L,1.4 Sport,2020,2
Fiat,Fiat 500X,1.0 FireFly T T3 Cross,2019,5
Fiat,Fiat 500X,1.3 FireFly T T4 Cross DCT,2019,1
Fiat,Fiat 500X,1.3 FireFly T T4 Cross DCT,2021,1
Fiat,Fiat 500X,1.3 FireFly T T4 Lounge DCT,2020,1
Fiat,Fiat 500X,1.4 MultiAir City Cross 4x2 DCT,2018,1
Fiat,Fiat 500X,1.6 MultiJet City Cross,2019,1
Fiat,Fiat 500X,1.6 MultiJet Cross 4x2,2021,1
Fiat,Fiat 500X,1.6 MultiJet Hey Google,2021,1
Fiat,Fiat 500X,2.0 MultiJet Cross 4x4,2017,1
Fiat,Fiat Panda,(2) 1.0 Hybride BSG City Cross Launch Edition,2020,1
Fiat,Fiat Panda,1.0 Hybride BSG City Life,2021,1
Fiat,Fiat Panda,1.0 Hybride BSG Cross,2023,1
Fiat,Fiat Panda,1.0 Hybride BSG Cross,2024,1
Fiat,Fiat Panda,1.0 Hybride BSG Panda,2022,1
Fiat,Fiat Panda,1.0 Hybride BSG Panda,2023,1
Fiat,Fiat Panda,1.2,2019,2
Fiat,Fiat Panda,1.2 Easy,2017,1
Fiat,Fiat Panda,1.2 Easy,2018,1
Fiat,Fiat Panda,1.2 Easy,2020,1
Fiat,Fiat Panda,1.2 Pop,2018,2
Fiat,Fiat Tipo,1.4,2019,1
Fiat,Fiat Tipo,1.4 Easy,2019,2
Fiat,Fiat Tipo,1.4 Pop,2018,1
Fiat,Fiat Tipo,1.6 MultiJet Elysia,2020,1
Fiat,Fiat Tipo,SW 1.0 FireFly Turbo Life,2021,1
Fiat,Fiat Tipo,SW 1.3 MultiJet Mirror,2019,1
Ford,Ford C-Max,1.0 EcoBoost Titanium BV6,2019,1
Ford,Ford EcoSport,1.0 EcoBoost Active,2021,1
Ford,Ford EcoSport,1.0 EcoBoost ST Line,2018,1
Ford,Ford EcoSport,1.0 EcoBoost ST Line,2019,1
Ford,Ford EcoSport,1.0 EcoBoost ST Line,2020,1
Ford,Ford EcoSport,1.0 EcoBoost ST Line,2022,1
Ford,Ford EcoSport,1.0 EcoBoost Titanium,2017,1
Ford,Ford EcoSport,1.0 EcoBoost Titanium,2018,1
Ford,Ford EcoSport,1.0 EcoBoost Titanium,2020,1
Ford,Ford EcoSport,1.5 EcoBlue ST Line,2020,2
Ford,Ford EcoSport,1.5 EcoBlue Titanium,2019,1
Ford,Ford EcoSport,1.5 EcoBlue Titanium Business,2018,2
Ford,Ford Edge,2.0 EcoBlue AWD Vignale BVA8,2019,2
Ford,Ford Fiesta,1.0 EcoBoost Active Pack,2018,2
Ford,Ford Fiesta,1.0 EcoBoost Cool & Connect,2020,1
Ford,Ford Fiesta,1.0 EcoBoost ST-Line,2020,2
Ford,Ford Fiesta,1.0 EcoBoost ST-Line X,2020,1
Ford,Ford Fiesta,1.0 EcoBoost Titanium,2017,2
Ford,Ford Fiesta,1.0 EcoBoost Titanium,2018,1
Ford,Ford Fiesta,1.0 EcoBoost Titanium,2019,1
Ford,Ford Fiesta,1.0 EcoBoost Trend,2017,1
Ford,Ford Fiesta,1.0 EcoBoost Vignale,2018,2
Ford,Ford Fiesta,1.0 EcoBoost Vignale Auto,2018,1
Ford,Ford Fiesta,1.0 EcoBoost mHEV ST-Line,2021,1
Ford,Ford Fiesta,1.0 EcoBoost mHEV Titanium,2021,1
Ford,Ford Fiesta,1.0 Flexifuel ST-Line,2021,1
Ford,Ford Fiesta,1.1 Cool & Connect,2021,1
Ford,Ford Fiesta,1.1 Titanium,2021,1
Ford,Ford Fiesta,1.1 Trend,2018,1
Ford,Ford Fiesta,1.5 TDCi Connect Business,2019,1
Ford,Ford Focus,1.0 EcoBoost Active,2020,1
Ford,Ford Focus,1.0 EcoBoost ST Line,2020,2
Ford,Ford Focus,1.0 EcoBoost ST Line Auto,2019,1
Ford,Ford Focus,1.0 EcoBoost Titanium,2018,1
Ford,Ford Focus,1.0 EcoBoost Trend,2018,1
Ford,Ford Focus,1.5 EcoBlue Active Auto,2020,1
Ford,Ford Focus,1.5 EcoBlue Titanium,2018,1
Ford,Ford Focus,1.5 EcoBoost ST Line,2017,1
Ford,Ford Focus,1.5 EcoBoost ST Line,2020,1
Ford,Ford Focus,2.0 EcoBlue ST Line Auto,2020,2
Ford,Ford Focus,SW 1.0 EcoBoost mHEV ST Line,2020,2
Ford,Ford Focus,SW 1.5 EcoBlue ST Line,2021,1
Ford,Ford Ka+,1.2 Ti-VCT Essential,2017,1
Ford,Ford Ka+,1.2 Ti-VCT Essential,2018,1
Ford,Ford Kuga,1.5 EcoBlue ST Line X Auto,2021,1
Ford,Ford Kuga,1.5 EcoBoost Titanium 4x2,2017,1
Ford,Ford Kuga,1.5 TDCi ST Line 4x2,2017,1
Ford,Ford Kuga,2.0 EcoBlue mHEV ST Line,2020,2
Ford,Ford Kuga,2.5 Duratec PHEV ST Line X eCVT,2020,2
Ford,Ford Mondeo,2.0 Hybrid Titanium BVA6,2018,1
Ford,Ford Mondeo,2.0 TDCi ST-Line PowerShift,2020,3
Ford,Ford Puma,1.0 EcoBoost Hybrid mHEV ST Line,2021,2
Ford,Ford Puma,1.0 EcoBoost Hybrid mHEV ST Line X DCT7,2023,1
Ford,Ford Puma,1.0 EcoBoost mHEV ST-Line DCT7,2021,1
Ford,Ford Puma,1.0 EcoBoost mHEV ST-Line DCT7,2022,1
Ford,Ford Puma,1.0 EcoBoost mHEV Titanium,2021,2
Ford,Ford Puma,1.0 EcoBoost mHEV Titanium DCT7,2021,1
Ford,Ford Puma,1.0 EcoBoost mHEV Titanium DCT7,2023,1
Ford,Ford Puma,1.0 Flexifuel ST-Line BVM6,2022,2
Ford,Ford Puma,1.0 Flexifuel Titanium BVM6,2022,1
Ford,Ford Puma,1.0 Flexifuel mHEV ST-Line,2022,1
Ford,Ford Puma,1.0 Flexifuel mHEV ST-Line,2024,2
Ford,Ford Puma,1.5 EcoBlue ST Line,2021,1
Ford,Ford Ranger,2.0 EcoBlue Double Cabine Wildtrak Auto,2022,1
Ford,Ford Ranger,2.0 EcoBlue Super Cabine Limited,2019,2
Ford,Ford Ranger,2.0 EcoBlue Super Cabine Limited Auto,2021,1
Ford,Ford Ranger,2.0 EcoBlue Super Cabine Limited Auto,2022,2
Ford,Ford Ranger,2.2 TDCI Double Cab Limited,2017,1
Ford,Ford Ranger,2.2 TDCI Super Cab Limited Auto,2018,2
Ford,Ford Tourneo,Courier 1.5 TD Titanium,2020,1
Ford,Ford Tourneo Connect,1.5 EcoBlue Titanium,2019,2
Ford,Ford Transit Custom,Cabine Approfondie 320 L1H1 2.0 EcoBlue Sport,2020,1
Ford,Ford Transit Custom,Kombi 320 2.0 EcoBlue Sport,2020,1
Honda,Honda Civic,1.0 i-VTEC Dynamic Limited Edition,2020,1
Honda,Honda Civic,1.0 i-VTEC Exclusive Premium,2020,2
Honda,Honda Civic,1.0 i-VTEC Executive,2017,2
Honda,Honda Civic,1.5 i-VTEC Exclusive CVT,2020,1
Honda,Honda Civic,1.6 i-DTEC Exclusive AT,2019,1
Honda,Honda HR-V,1.5 i-MMD eHEV Advance,2022,1
Honda,Honda HR-V,1.5 i-VTEC Exclusive,2020,1
Honda,Honda HR-V,1.5 i-VTEC Exclusive Navi CVT,2018,1
Honda,Honda HR-V,1.5 i-VTEC Executive CVT,2021,1
Honda,Honda Jazz,1.3 i-VTEC Exclusive,2019,1
Hyundai,Hyundai Kona,1.0 T-GDi,2021,1
Hyundai,Hyundai Kona,1.0 T-GDi Executive,2017,1
Hyundai,Hyundai Kona,1.0 T-GDi Executive,2018,1
Hyundai,Hyundai Kona,1.0 T-GDi Hybrid 48V Intuitive,2023,1
Hyundai,Hyundai Kona,1.0 T-GDi Initia,2019,2
Hyundai,Hyundai Kona,1.6 CRDi Creative,2019,1
Hyundai,Hyundai Kona,1.6 CRDi Creative DCT-7,2020,1
Hyundai,Hyundai Kona,1.6 CRDi Hybrid 48V Intuitive,2021,1
Hyundai,Hyundai Kona,1.6 GDi Hybrid Creative DCT-6,2020,1
Hyundai,Hyundai Kona,1.6 GDi Hybrid Edition 1 DCT-6,2019,1
Hyundai,Hyundai Kona,1.6 GDi Hybrid Edition 1 DCT-6,2020,1
Hyundai,Hyundai Kona,1.6 GDi Hybrid Intuitive DCT-6,2020,1
Hyundai,Hyundai Kona,1.6 Hybrid HEV Executive DCT-6,2022,2
Hyundai,Hyundai Kona,1.6 Hybrid HEV Executive DCT-6,2023,1
Hyundai,Hyundai Santa Fe,1.6 T-GDi Plug-in Hybrid HTRAC Creative BVA6,2021,1
Hyundai,Hyundai Santa Fe,1.6 T-GDi Plug-in Hybrid HTRAC Creative BVA6,2022,1
Hyundai,Hyundai Tucson,1.6 CRDi Executive DCT-7,2018,1
Hyundai,Hyundai Tucson,1.6 CRDi Hybrid 48V Creative,2020,2
Hyundai,Hyundai Tucson,1.6 CRDi Hybrid 48V Executive DCT-7,2022,2
Hyundai,Hyundai Tucson,1.6 CRDi Hybrid 48V N Line Edition DCT-7,2020,1
Hyundai,Hyundai Tucson,1.6 CRDi N Line DCT-7,2019,1
Hyundai,Hyundai Tucson,1.6 CRDi Premium,2019,2
Hyundai,Hyundai Tucson,1.6 GDi,2017,1
Hyundai,Hyundai Tucson,1.6 GDi Business,2017,1
Hyundai,Hyundai Tucson,1.6 T-GDi Executive DCT-7,2019,1
Hyundai,Hyundai Tucson,1.6 T-GDi Hybrid 48V Creative DCT-7,2021,1
Hyundai,Hyundai Tucson,1.6 T-GDi Hybrid 48V Creative DCT-7,2023,1
Hyundai,Hyundai Tucson,1.6 T-GDi Hybrid N Line Edition BVA6,2024,1
Hyundai,Hyundai Tucson,1.6 T-GDi Plug-In-Hybrid HTRAC BVA6,2022,1
Hyundai,Hyundai Tucson,1.6 T-GDi Plug-In-Hybrid HTRAC Executive BVA6,2021,1
Hyundai,Hyundai Tucson,1.6 T-GDi Plug-In-Hybrid HTRAC Executive BVA6,2022,2
Hyundai,Hyundai Tucson,1.7 CRDi Business,2017,1
Hyundai,Hyundai Tucson,1.7 CRDi Edition Mondial,2018,1
Hyundai,Hyundai i10,1.0 Eco Creative,2023,1
Hyundai,Hyundai i10,1.0 Eco Intuitive,2021,1
Hyundai,Hyundai i10,1.0 Intuitive,2019,2
Hyundai,Hyundai i10,1.2 Creative,2017,1
Hyundai,Hyundai i20,1.0 T-GDi Active DCT-7,2019,1
Hyundai,Hyundai i20,1.0 T-GDi Creative DCT-7,2019,2
Hyundai,Hyundai i20,1.0 T-GDi Edition Navi,2018,2
Hyundai,Hyundai i20,1.0 T-GDi HY 48V N Line Creative DCT-7,2024,1
Hyundai,Hyundai i20,1.0 T-GDi Hybrid 48V Creative,2022,1
Hyundai,Hyundai i20,1.0 T-GDi Hybrid 48V Creative DCT-7,2020,1
Hyundai,Hyundai i20,1.0 T-GDi Initia,2020,2
Hyundai,Hyundai i20,1.0 T-GDi Intuitive,2018,1
Hyundai,Hyundai i20,1.2 Edition Clim,2020,1
Hyundai,Hyundai i20,1.2 Initia,2018,2
Hyundai,Hyundai i20,1.2 Intuitive,2019,1
Hyundai,Hyundai i20,1.2 Intuitive,2022,1
Hyundai,Hyundai i30,1.0 T-GDi Edition Mondial,2019,1
Hyundai,Hyundai i30,1.4 T-GDi Creative DCT-7,2017,1
Hyundai,Hyundai i30,SW 1.6 CRDi Business,2021,1
Hyundai,Hyundai i30 Fastback,1.4 T-GDi Executive DCT-7,2018,4
Hyundai,Hyundai i30 Fastback,1.6 CRDi Creative,2019,1
Infiniti,Infiniti Q30,1.5d Premium,2017,1
Infiniti,Infiniti QX30,2.2d AWD Premium DCT,2018,1
Jaguar,Jaguar F-Pace,2.0 d R-Sport 4x4 BVA8,2018,1
Jaguar,Jaguar F-Pace,2.0 d R-Sport 4x4 BVA8,2019,1
Jeep,Jeep Compass,1.3 GSE T4 Limited,2021,1
Jeep,Jeep Compass,1.3 GSE T4 Night Eagle BVR6,2020,1
Jeep,Jeep Compass,1.4 MultiAir Limited 4WD Auto 9,2017,1
Jeep,Jeep Compass,1.6 MJet Limited,2018,1
Jeep,Jeep Compass,1.6 MJet Limited,2019,1
Jeep,Jeep Compass,1.6 MJet Limited,2021,1
Jeep,Jeep Compass,1.6 MJet Limited,2022,2
Jeep,Jeep Compass,2.0 MJet Limited 4WD Auto 9,2018,2
Jeep,Jeep Renegade,1.0 GSE T3 Limited,2018,1
Jeep,Jeep Renegade,1.0 GSE T3 Limited,2020,2
Jeep,Jeep Renegade,1.0 GSE T3 Longitude,2020,1
Jeep,Jeep Renegade,1.6 E.torQ Evo Brooklyn Edition,2018,1
Jeep,Jeep Renegade,1.6 MultiJet Limited,2018,1
Jeep,Jeep Renegade,1.6 MultiJet Limited,2021,3
Kia,Kia Niro,1.6 GDi HEV Premium DCT6,2022,2
Kia,Kia Niro,1.6 GDi ISG Hybrid Premium Business DCT6,2020,1
Kia,Kia Niro,1.6 GDi ISG Hybride Premium DCT6,2020,1
Kia,Kia Niro,1.6 GDi Plug-In Hybrid Design DCT6,2019,1
Kia,Kia Niro,1.6 GDi Plug-In Hybrid Premium DCT,2019,1
Kia,Kia Niro,1.6 GDi Plug-In Hybrid Premium DCT6,2020,1
Kia,Kia Picanto,1.0 Active,2021,1
Kia,Kia Picanto,1.0 Active,2022,2
Kia,Kia Picanto,1.0 Design,2020,2
Kia,Kia Picanto,1.0 T-GDi ISG GT Line Premium,2023,1
Kia,Kia Picanto,1.2 DPI ISG GT Line,2021,1
Kia,Kia Picanto,1.2 DPI ISG GT Line Premium BVA5,2022,1
Kia,Kia Picanto,1.2 GT Line,2017,1
Kia,Kia Picanto,1.2 GT Line,2019,1
Kia,Kia Picanto,1.2 GT Line Auto,2018,3
Kia,Kia Rio,1.0 T-GDi ISG Active,2021,4
Kia,Kia Rio,1.0 T-GDi ISG Active,2023,1
Kia,Kia Rio,1.0 T-GDi MHEV GT Line Premium DCT7,2020,1
Kia,Kia Rio,1.2 ISG Active,2021,1
Kia,Kia Rio,1.2 ISG Active,2022,1
Kia,Kia Sportage,1.6 CRDi ISG 2WD,2018,1
Kia,Kia Sportage,1.6 CRDi ISG Active 2WD,2018,1
Kia,Kia Sportage,1.6 CRDi ISG Design 2WD,2020,1
Kia,Kia Sportage,1.6 CRDi ISG Design 2WD DCT7,2019,1
Kia,Kia Sportage,1.6 CRDi MHEV 2WD DCT7,2021,2
Kia,Kia Sportage,1.6 CRDi MHEV Active 2WD,2020,1
Kia,Kia Sportage,1.6 CRDi MHEV Black Edition 2WD DCT7,2021,1
Kia,Kia Sportage,1.6 T-GDi ISG Hybride Rechargeable Design 4x4 BVA,2022,1
Kia,Kia Sportage,1.6 T-GDi ISG Hybride Rechargeable Design 4x4 BVA6,2022,1
Kia,Kia Stonic,1.0 T-GDi Active,2020,1
Kia,Kia Stonic,1.0 T-GDi ISG Launch Edition,2018,2
Kia,Kia Stonic,1.0 T-GDi ISG Premium,2017,1
Kia,Kia Stonic,1.0 T-GDi MHEV GT Line,2021,1
Kia,Kia Stonic,1.0 T-GDi MHEV GT Line Premium,2021,1
Kia,Kia Stonic,1.0 T-GDi MHEV Launch Edition DCT7,2020,1
Kia,Kia Stonic,1.6 CRDi ISG Premium,2018,1
Kia,Kia XCeed,1.4 T-GDi ISG Premium Business DCT7,2020,1
Kia,Kia XCeed,1.6 CRDi ISG Active DCT7,2020,1
Kia,Kia XCeed,1.6 CRDi ISG MHEV DCT7,2020,1
Kia,Kia XCeed,1.6 CRDi ISG MHEV Premium DCT7,2022,2
Kia,Kia XCeed,1.6 GDi ISG PHEV Active DCT6,2021,1
Kia,Kia XCeed,1.6 GDi ISG PHEV Active DCT6,2022,1
Kia,Kia XCeed,1.6 T-GDi ISG Premium DCT7,2019,1
Kia,Kia cee'd,1.0 T-GDi ISG Active BV6,2018,1
Kia,Kia cee'd,1.0 T-GDi ISG GT Line,2019,1
Kia,Kia cee'd,1.0 TGDI GT Line,2022,2
Kia,Kia cee'd,1.5 T-GDi ISG Active DCT7,2021,1
Kia,Kia cee'd,1.5 T-GDi ISG GT Line DCT7,2021,1
Kia,Kia cee'd,1.5 T-GDi ISG GT Line DCT7,2022,1
Kia,Kia cee'd,1.5 T-GDi ISG GT Line DCT7,2023,1
Kia,Kia cee'd,1.6 CRDi ISG MHEV GT Line DCT7,2021,1
Kia,Kia cee'd,1.6 CRDi ISG MHEV GT Line Premium DCT7,2022,1
Kia,Kia pro_cee'd,1.0 T-GDi ISG GT-Line BV6,2017,1
Kia,Kia pro_cee'd,1.5 T-GDi GT Line Premium DCT7,2021,1
Kia,Kia pro_cee'd,1.6 CRDi ISG GT Line Premium DCT7,2020,1
Kia,Kia pro_cee'd,1.6 T-GDi ISG GT DCT7,2019,2
Land,Land Rover Evoque,2.0 Td4 SE BVA,2017,1
Land,Land Rover Evoque,2.0 eD4 Pure,2018,1
Land,Land Rover Evoque,D180 4WD R-Dynamic SE BVA9,2020,1
Lexus,Lexus CT-Serie,200h Pack,2020,1
Lexus,Lexus NX-Serie,300h Business 2WD Auto,2018,1
Lexus,Lexus NX-Serie,300h Design 2WD Auto,2021,1
Lexus,Lexus NX-Serie,300h Sport Edition 2WD Auto,2019,1
Lexus,Lexus UX-Serie,250h 2WD,2019,1
Lexus,Lexus UX-Serie,250h F SPORT 4WD,2019,1
Lexus,Lexus UX-Serie,250h Luxe 2WD,2020,1
Lexus,Lexus UX-Serie,250h Pack Confort Business 2WD,2021,1
MG,MG ZS,1.0 T-GDi Luxury 2WD,2022,1
MINI,MINI Cabrio,Cooper S Finition Chili BVA7,2020,1
MINI,MINI Cabrio,Cooper S Finition JCW BVA7,2018,2
MINI,MINI Cabrio,Cooper S Finition Red Hot Chili BVA,2017,1
MINI,MINI Clubman,Cooper S ALL4 BVA8,2018,1
MINI,MINI Clubman,Cooper S Finition Classic BVA7,2022,2
MINI,MINI Countryman,Cooper D Finition Chili BVA8,2018,1
MINI,MINI Countryman,Cooper Edition Longstone BVA7,2020,1
MINI,MINI Countryman,Cooper Finition JCW BVA7,2023,1
MINI,MINI Countryman,Cooper S ALL4 Exquisite BVA8,2017,1
MINI,MINI Countryman,Cooper SE ALL4 Chili Hybrid BVA6,2018,1
MINI,MINI Countryman,Cooper SE ALL4 Red Hot Chili Hybrid BVA6,2017,2
MINI,MINI MINI,Cooper Edition Camden BVA7,2021,2
MINI,MINI MINI,Cooper S Edition Camden BVA7,2022,1
MINI,MINI MINI,Cooper S Edition Seven BVA6,2017,1
MINI,MINI MINI,JCW BVA8,2022,1
MINI,MINI MINI,One,2018,1
MINI,MINI MINI,One,2019,3
MINI,MINI MINI,One,2020,2
MINI,MINI MINI,One Edition Blackfriars,2017,1
MINI,MINI MINI,One Edition Heddon Street,2018,2
MINI,MINI MINI,One Edition Heddon Street,2019,1
MINI,MINI MINI,One Edition Heddon Street DCT7,2018,1
MINI,MINI MINI,One Edition Heddon Street DCT7,2019,3
MINI,MINI MINI,One Finition Salt,2018,1
MINI,MINI MINI,One Finition Salt,2019,1
Mazda,Mazda 2,1.5 SkyActiv-G Selection Auto,2019,1
Mazda,Mazda 3,2.0 Skyactiv-G Dynamique Skyactiv-Drive,2017,1
Mazda,Mazda 3,2.0 Skyactiv-G M-Hybrid Style BVA6,2021,1
Mazda,Mazda 3,2.0 Skyactiv-X M-Hybrid Exclusive,2020,1
Mazda,Mazda 3,2.0 e-Skyactiv X M-Hybrid Exclusive BVA6,2021,1
Mazda,Mazda 3,2.0 e-Skyactiv X M-Hybrid Sportline BVA6,2022,2
Mazda,Mazda 6,Wagon 2.2 SkyActiv-D Takumi SkyActiv-Drive,2020,1
Mazda,Mazda CX-3,1.5 Skyactiv-D Dynamique,2017,1
Mazda,Mazda CX-3,2.0 Skyactiv-G Exclusive Edition,2018,1
Mazda,Mazda CX-3,2.0 Skyactiv-G Exclusive Edition 4WD Skyactiv-Drive,2018,1
Mazda,Mazda CX-3,2.0 Skyactiv-G Exclusive Edition Skyactiv-Drive,2019,1
Mazda,Mazda CX-3,2.0 Skyactiv-G Selection,2019,1
Mazda,Mazda CX-3,2.0 Skyactiv-G Selection,2020,1
Mazda,Mazda CX-3,2.0 Skyactiv-G Selection Skyactiv-Drive,2017,1
Mazda,Mazda CX-3,2.0 Skyactiv-G Selection Skyactiv-Drive,2019,2
Mazda,Mazda CX-30,2.0 E-Skyactiv G M Hybrid,2020,1
Mazda,Mazda CX-30,2.0 E-Skyactiv-X M Hybrid 4x2 Business Executive BVA6,2023,1
Mazda,Mazda CX-30,2.0 E-Skyactiv-X M Hybrid 4x2 Homura BVA6,2023,1
Mazda,Mazda CX-30,2.0 E-Skyactiv-X M Hybrid 4x2 Sportline BVA6,2021,1
Mazda,Mazda CX-30,2.0 E-Skyactiv-X M Hybrid 4x4 Exclusive BVA6,2021,1
Mazda,Mazda CX-5,2.2 Skyactiv-D Dynamique 4x2 BVA6,2019,1
Mazda,Mazda MX-5,RF 1.5 Skyactiv-G Selection,2019,1
Mazda,Mazda MX-5,RF 2.0 Skyactiv-G Selection,2017,1
Mercedes-Benz,Mercedes-Benz CLA,200 AMG Line 7G-DCT,2019,1
Mercedes-Benz,Mercedes-Benz CLA,200 AMG Line 7G-DCT,2020,1
Mercedes-Benz,Mercedes-Benz CLA,200 AMG Line 7G-DCT,2021,1
Mercedes-Benz,Mercedes-Benz CLA,200 AMG Line 7G-DCT,2022,1
Mercedes-Benz,Mercedes-Benz CLA,200 d AMG Line 8G-DCT,2022,1
Mercedes-Benz,Mercedes-Benz CLA,200 d AMG Line 8G-DCT,2023,1
Mercedes-Benz,Mercedes-Benz CLA,200 d Progressive Line 8G-DCT,2020,1
Mercedes-Benz,Mercedes-Benz CLA,250 e AMG Line 8G-DCT,2020,1
Mercedes-Benz,Mercedes-Benz CLA,Shooting Brake 200 AMG Line 7G-DCT,2019,1
Mercedes-Benz,Mercedes-Benz CLA,Shooting Brake 220 d Fascination 7G-DCT,2017,1
Mercedes-Benz,Mercedes-Benz Classe A,160 Inspiration,2017,2
Mercedes-Benz,Mercedes-Benz Classe A,160 Style Line,2019,1
Mercedes-Benz,Mercedes-Benz Classe A,160 Style Line,2020,2
Mercedes-Benz,Mercedes-Benz Classe A,160 d Fascination 7G-DCT,2017,2
Mercedes-Benz,Mercedes-Benz Classe A,180,2017,2
Mercedes-Benz,Mercedes-Benz Classe A,180 7G-DCT,2019,1
Mercedes-Benz,Mercedes-Benz Classe A,180 AMG Line 7G-DCT,2019,2
Mercedes-Benz,Mercedes-Benz Classe A,180 AMG Line 7G-DCT,2020,1
Mercedes-Benz,Mercedes-Benz Classe A,180 AMG Line 7G-DCT,2021,3
Mercedes-Benz,Mercedes-Benz Classe A,180 AMG Line 7G-DCT,2023,1
Mercedes-Benz,Mercedes-Benz Classe A,180 Fascination 7G-DCT,2018,1
Mercedes-Benz,Mercedes-Benz Classe A,180 Inspiration 7G-DCT,2017,1
Mercedes-Benz,Mercedes-Benz Classe A,180 Progressive Line 7G-DCT,2021,1
Mercedes-Benz,Mercedes-Benz Classe A,180 Sensation 7G-DCT,2018,1
Mercedes-Benz,Mercedes-Benz Classe A,180 Style Line,2019,1
Mercedes-Benz,Mercedes-Benz Classe A,180 Style Line,2021,1
Mercedes-Benz,Mercedes-Benz Classe A,180 d 7G-DCT,2019,1
Mercedes-Benz,Mercedes-Benz Classe A,180 d AMG Line 7G-DCT,2020,1
Mercedes-Benz,Mercedes-Benz Classe A,180 d Progressive Line 7G-DCT,2018,1
Mercedes-Benz,Mercedes-Benz Classe A,180 d Progressive Line 7G-DCT,2020,1
Mercedes-Benz,Mercedes-Benz Classe A,180 d Progressive Line 7G-DCT,2021,2
Mercedes-Benz,Mercedes-Benz Classe A,180 d Progressive Line 8G-DCT,2021,1
Mercedes-Benz,Mercedes-Benz Classe A,180 d Progressive Line 8G-DCT,2022,2
Mercedes-Benz,Mercedes-Benz Classe A,180 d Sensation 7G-DCT,2017,1
Mercedes-Benz,Mercedes-Benz Classe A,180 d Style Line 7G-DCT,2018,1
Mercedes-Benz,Mercedes-Benz Classe A,200 7G-DCT,2020,1
Mercedes-Benz,Mercedes-Benz Classe A,200 7G-DCT,2021,1
Mercedes-Benz,Mercedes-Benz Classe A,200 AMG Line 7G-DCT,2022,4
Mercedes-Benz,Mercedes-Benz Classe A,200 Progressive Line 7G-DCT,2018,1
Mercedes-Benz,Mercedes-Benz Classe A,200 d AMG Line 8G-DCT,2020,2
Mercedes-Benz,Mercedes-Benz Classe A,200 d AMG Line 8G-DCT,2022,2
Mercedes-Benz,Mercedes-Benz Classe A,200 d Progressive Line 8G-DCT,2020,1
Mercedes-Benz,Mercedes-Benz Classe A,250 e AMG Line 8G-DCT,2021,2
Mercedes-Benz,Mercedes-Benz Classe A,250 e AMG Line 8G-DCT,2022,1
Mercedes-Benz,Mercedes-Benz Classe A,35 AMG 4Matic 7G-DCT,2020,1
Mercedes-Benz,Mercedes-Benz Classe A Berline,180 Progressive Line 7G-DCT,2021,1
Mercedes-Benz,Mercedes-Benz Classe A Berline,180 d AMG Line 7G-DCT,2019,2
Mercedes-Benz,Mercedes-Benz Classe A Berline,200 d AMG Line 8G-DCT,2020,1
Mercedes-Benz,Mercedes-Benz Classe A Berline,200 d AMG Line 8G-DCT,2021,1
Mercedes-Benz,Mercedes-Benz Classe A Berline,200 d AMG Line 8G-DCT,2022,1
Mercedes-Benz,Mercedes-Benz Classe B,180 Progressive Line 7G-DCT,2019,1
Mercedes-Benz,Mercedes-Benz Classe B,180 d AMG Line 7G-DCT,2020,2
Mercedes-Benz,Mercedes-Benz Classe B,180 d Progressive Line 7G-DCT,2019,2
Mercedes-Benz,Mercedes-Benz Classe B,200 AMG Line 7G-DCT,2019,2
Mercedes-Benz,Mercedes-Benz Classe B,200 Starlight Edition 7G-DCT,2018,2
Mercedes-Benz,Mercedes-Benz Classe B,200 d AMG Line 8G-DCT,2019,1
Mercedes-Benz,Mercedes-Benz Classe B,200 d AMG Line 8G-DCT,2022,1
Mercedes-Benz,Mercedes-Benz Classe B,200 d Intuition 7G-DCT,2017,1
Mercedes-Benz,Mercedes-Benz Classe C,200 AMG Line 9G-Tronic,2019,1
Mercedes-Benz,Mercedes-Benz Classe C,200 AMG Line 9G-Tronic,2021,1
Mercedes-Benz,Mercedes-Benz Classe C,200 d Sportline 7G-Tronic,2017,2
Mercedes-Benz,Mercedes-Benz Classe C,200 d Sportline 9G-Tronic,2018,1
Mercedes-Benz,Mercedes-Benz Classe C,220 d AMG Line 9G-Tronic,2021,2
Mercedes-Benz,Mercedes-Benz Classe C,Cabriolet 200 AMG Line 9G-Tronic,2020,2
Mercedes-Benz,Mercedes-Benz Classe C,Cabriolet 200 AMG Line 9G-Tronic,2021,1
Mercedes-Benz,Mercedes-Benz Classe C,Coupé 250 d Fascination 9G-Tronic,2017,1
Mercedes-Benz,Mercedes-Benz Classe C,SW 220 d AMG Line 9G-Tronic,2022,2
Mercedes-Benz,Mercedes-Benz Classe E,Coupé 220 d Sportline 9G-Tronic,2017,1
Mercedes-Benz,Mercedes-Benz Classe E,Coupé 400 d AMG Line 4Matic 9G-Tronic,2019,1
Mercedes-Benz,Mercedes-Benz Classe GLB,200 AMG Line,2021,1
Mercedes-Benz,Mercedes-Benz Classe GLB,200 Progressive Line,2021,1
Mercedes-Benz,Mercedes-Benz Classe GLB,200 d AMG Line,2020,1
Mercedes-Benz,Mercedes-Benz Classe GLB,200 d AMG Line,2021,1
Mercedes-Benz,Mercedes-Benz Classe GLB,200 d AMG Line,2022,4
Mercedes-Benz,Mercedes-Benz Classe GLC,200 d AMG Line,2021,1
Mercedes-Benz,Mercedes-Benz Classe GLC,220 d Fascination 4Matic,2018,1
Mercedes-Benz,Mercedes-Benz Classe GLC,250 d Fascination 4Matic,2019,1
Mercedes-Benz,Mercedes-Benz Classe GLC,350 e 4Matic,2017,1
Mercedes-Benz,Mercedes-Benz Classe GLC,Coupé 220 d AMG Line 4Matic 9G-Tronic,2021,2
Mercedes-Benz,Mercedes-Benz Classe GLC,Coupé 250 d Fascination 4Matic 9G-Tronic,2018,1
Mercedes-Benz,Mercedes-Benz Classe GLC,Coupé 250 d Sportline 4Matic 9G-Tronic,2017,2
Mercedes-Benz,Mercedes-Benz Classe GLC,Coupé 300 AMG Line 4Matic 9G-Tronic,2019,1
Mercedes-Benz,Mercedes-Benz Classe GLC,Coupé 300 e AMG Line 4Matic 9G-Tronic,2020,2
Mercedes-Benz,Mercedes-Benz Classe GLC,Coupé 350 e Sportline 4Matic,2018,2
Mercedes-Benz,Mercedes-Benz Classe GLE,Coupé 350 d Fascination 4Matic,2018,1
Mercedes-Benz,Mercedes-Benz GLA,180 Inspiration,2018,1
Mercedes-Benz,Mercedes-Benz GLA,200 7G-DCT,2017,1
Mercedes-Benz,Mercedes-Benz GLA,200 7G-DCT,2019,1
Mercedes-Benz,Mercedes-Benz GLA,200 AMG Line 7G-DCT,2022,1
Mercedes-Benz,Mercedes-Benz GLA,200 AMG Line DCT,2020,2
Mercedes-Benz,Mercedes-Benz GLA,200 AMG Line DCT,2022,3
Mercedes-Benz,Mercedes-Benz GLA,200 Fascination 7G-DCT,2019,5
Mercedes-Benz,Mercedes-Benz GLA,200 Sensation 7G-DCT,2019,1
Mercedes-Benz,Mercedes-Benz GLA,200 Starlight Edition 7G-DCT,2019,1
Mercedes-Benz,Mercedes-Benz GLA,200 d AMG Line DCT,2020,1
Mercedes-Benz,Mercedes-Benz GLA,200 d AMG Line DCT,2021,1
Mercedes-Benz,Mercedes-Benz GLA,200 d AMG Line DCT,2022,1
Mercedes-Benz,Mercedes-Benz GLA,200 d AMG Line DCT,2023,1
Mercedes-Benz,Mercedes-Benz GLA,200 d Business Edition 7G-DCT,2019,1
Mercedes-Benz,Mercedes-Benz GLA,200 d Fascination 7G-DCT,2017,1
Mercedes-Benz,Mercedes-Benz GLA,200 d Sensation 7G-DCT,2019,2
Mercedes-Benz,Mercedes-Benz GLA,220 d AMG Line DCT,2020,1
Mercedes-Benz,Mercedes-Benz GLA,250 e AMG Line 8G-DCT,2020,2
Mercedes-Benz,Mercedes-Benz GLA,250 e AMG Line 8G-DCT,2023,2
Mitsubishi,Mitsubishi ASX,1.6 MIVEC Invite Style 2WD,2019,1
Mitsubishi,Mitsubishi ASX,2.2 DI-D Intense Navi Connect 4WD BVA,2017,1
Mitsubishi,Mitsubishi Eclipse Cross,2.4 MIVEC PHEV Twin Motor Intense 4WD,2022,1
Mitsubishi,Mitsubishi L 200,Club Cabine 2.2 DI-D Invite,2022,2
Mitsubishi,Mitsubishi Outlander,PHEV Hybride Rechargeable Intense,2017,1
Mitsubishi,Mitsubishi Outlander,PHEV Twin Motor Business 4WD,2020,2
Mitsubishi,Mitsubishi Outlander,PHEV Twin Motor Intense 4WD,2019,2
Mitsubishi,Mitsubishi Space Star,1.2 MIVEC Inform,2024,2
Mitsubishi,Mitsubishi Space Star,1.2 MIVEC Intense CVT,2019,1
Mitsubishi,Mitsubishi Space Star,1.2 MIVEC Red Line Edition,2022,1
Nissan,Nissan Juke,1.0 DIG-T Acenta BVM6,2021,1
Nissan,Nissan Juke,1.0 DIG-T Business Edition DCT,2021,1
Nissan,Nissan Juke,1.0 DIG-T N-Connecta BV6,2020,1
Nissan,Nissan Juke,1.0 DIG-T N-Connecta DCT,2021,1
Nissan,Nissan Juke,1.0 DIG-T N-Design DCT,2021,2
Nissan,Nissan Juke,1.2 DIG-T N-Connecta,2018,3
Nissan,Nissan Juke,1.5 dCi N-Connecta,2019,1
Nissan,Nissan Juke,1.6 Hybrid N-Connecta,2024,1
Nissan,Nissan Micra,1.0 DIG-T N-Sport,2019,1
Nissan,Nissan Micra,1.0 IG Visia Pack,2017,1
Nissan,Nissan Micra,1.0 IG-T Acenta,2020,2
Nissan,Nissan Micra,1.2 Connect Edition,2017,1
Nissan,Nissan Micra,1.2 N-Tec,2017,1
Nissan,Nissan Micra,1.5 dCi N-Connecta,2017,2
Nissan,Nissan Qashqai,1.2 DIG-T,2017,1
Nissan,Nissan Qashqai,1.2 DIG-T,2018,2
Nissan,Nissan Qashqai,1.2 DIG-T N-Connecta,2017,1
Nissan,Nissan Qashqai,1.2 DIG-T N-Connecta,2018,2
Nissan,Nissan Qashqai,1.2 DIG-T N-Connecta Xtronic,2017,1
Nissan,Nissan Qashqai,1.3 DIG-T DCT,2019,1
Nissan,Nissan Qashqai,1.3 DIG-T DCT,2020,4
Nissan,Nissan Qashqai,1.3 DIG-T N-Connecta,2019,1
Nissan,Nissan Qashqai,1.3 DIG-T N-Connecta DCT7,2019,1
Nissan,Nissan Qashqai,1.3 DIG-T N-Connecta DCT7,2020,1
Nissan,Nissan Qashqai,1.3 DIG-T Tekna+ DCT,2019,1
Nissan,Nissan Qashqai,1.3 Mild Hybrid N-Connecta Xtronic,2022,1
Nissan,Nissan Qashqai,1.3 Mild Hybrid N-Style Xtronic,2022,1
Nissan,Nissan Qashqai,1.3 Mild Hybrid Tekna Xtronic,2021,1
Nissan,Nissan Qashqai,1.5 dCi,2018,1
Nissan,Nissan Qashqai,1.5 dCi,2019,1
Nissan,Nissan Qashqai,1.5 dCi DCT7,2019,1
Nissan,Nissan Qashqai,1.5 dCi N-Connecta,2019,1
Nissan,Nissan Qashqai,1.5 dCi N-Connecta DCT7,2019,2
Nissan,Nissan Qashqai,1.5 dCi Tekna,2018,1
Nissan,Nissan Qashqai,1.5 dCi Tekna DCT7,2019,1
Nissan,Nissan Qashqai,1.5 dCi Tekna DCT7,2021,1
Nissan,Nissan Qashqai,1.5 dCi Tekna+ DCT7,2019,1
Nissan,Nissan Qashqai,1.5 e-POWER N-Connecta,2023,2
Nissan,Nissan Qashqai,1.6 DIG-T N-Connecta,2018,1
Nissan,Nissan X-Trail,1.6 dCi N-Connecta Xtronic,2017,1
Nissan,Nissan X-Trail,1.6 dCi N-Connecta Xtronic,2018,1
Nissan,Nissan X-Trail,1.7 dCi Tekna,2020,1
Opel,Opel Adam,1.4 Twinport Unlimited,2018,1
Opel,Opel Astra,1.2 Turbo Elegance,2019,1
Opel,Opel Astra,1.5 Diesel Elegance,2020,1
Opel,Opel Astra,Sports Tourer 1.4 Turbo Elite Auto,2018,1
Opel,Opel Combo Life,1.2 L1H1 Elegance Pack Auto,2021,1
Opel,Opel Combo Life,1.5 Diesel L1H1 Elegance,2021,2
Opel,Opel Combo Life,1.5 Diesel L1H1 Enjoy Auto,2019,2
Opel,Opel Combo Life,1.5 Diesel L1H1 Innovation,2019,1
Opel,Opel Corsa,1.2 Edition,2021,1
Opel,Opel Corsa,1.2 Edition,2023,2
Opel,Opel Corsa,1.2 Turbo Edition Business Auto,2020,1
Opel,Opel Corsa,1.2 Turbo Elegance,2020,3
Opel,Opel Corsa,1.2 Turbo GS Line,2022,1
Opel,Opel Corsa,1.2 Turbo GS Line Auto,2019,1
Opel,Opel Corsa,1.2 Turbo GS Line Auto,2020,2
Opel,Opel Corsa,1.2 Turbo GS Line Auto,2021,1
Opel,Opel Corsa,1.2 Turbo GS Line Auto,2022,2
Opel,Opel Corsa,1.2 Turbo Ultimate Auto,2021,1
Opel,Opel Corsa,1.4 Black Edition,2019,1
Opel,Opel Corsa,1.4 Edition,2017,1
Opel,Opel Corsa,1.4 Excite,2017,1
Opel,Opel Corsa,1.4 Play,2017,1
Opel,Opel Corsa,1.4 Turbo Design Edition,2018,2
Opel,Opel Corsa,1.5 Diesel GS Line,2022,1
Opel,Opel Crossland X,1.2 Turbo Design 120 ans,2019,3
Opel,Opel Crossland X,1.2 Turbo Design 120 ans Auto,2019,1
Opel,Opel Crossland X,1.2 Turbo Elegance,2021,1
Opel,Opel Crossland X,1.2 Turbo Elegance Business,2021,1
Opel,Opel Crossland X,1.2 Turbo Elegance Business BVA6,2023,1
Opel,Opel Crossland X,1.2 Turbo Innovation,2018,4
Opel,Opel Crossland X,1.2 Turbo Innovation Auto,2017,1
Opel,Opel Crossland X,1.2 Turbo Ultimate,2018,2
Opel,Opel Crossland X,1.2 Turbo Ultimate Automatique,2018,1
Opel,Opel Crossland X,1.5 Diesel Elegance Automatique,2021,2
Opel,Opel Crossland X,1.5 Diesel Elegance Business,2020,2
Opel,Opel Crossland X,1.5 Diesel Elegance Business,2021,1
Opel,Opel Grandland X,1.2 Turbo GS Line Auto,2021,1
Opel,Opel Grandland X,1.2 Turbo Ultimate,2018,1
Opel,Opel Grandland X,1.5 Diesel Auto,2021,1
Opel,Opel Grandland X,1.6 EcoTec Diesel Innovation,2018,1
Opel,Opel Grandland X,1.6 Hybrid4 4WD Elite Automatique,2020,1
Opel,Opel Grandland X,2.0 Diesel Ultimate Automatique,2019,1
Opel,Opel Insignia Grand Sport,1.5 Diesel Edition Business,2020,1
Opel,Opel Insignia Grand Sport,1.5 Diesel Elegance Business,2020,1
Opel,Opel Insignia Grand Sport,1.5 EcoTec Turbo Innovation Automatique,2017,1
Opel,Opel Insignia Grand Sport,1.6 Diesel Business Edition Pack Automatique,2018,1
Opel,Opel Insignia Grand Sport,2.0 Turbo Ultimate Auto,2021,1
Opel,Opel Insignia Sports Tourer,1.6 Diesel Innovation Automatique,2019,1
Opel,Opel Karl,1.0 Edition,2019,1
Opel,Opel Karl,1.0 Edition Plus,2019,1
Opel,Opel Karl,1.0 Rocks,2018,1
Opel,Opel Mokka,1.2 Turbo Elegance,2021,1
Opel,Opel Mokka,1.2 Turbo Elegance Auto,2022,1
Opel,Opel Mokka,1.2 Turbo Elegance Auto,2023,1
Opel,Opel Mokka,1.2 Turbo GS Line,2022,4
Opel,Opel Mokka,1.2 Turbo GS Line BVA8,2021,4
Opel,Opel Mokka,1.2 Turbo GS Line BVA8,2022,1
Opel,Opel Mokka,1.2 Turbo Ultimate,2021,1
Opel,Opel Mokka,1.2 Turbo Ultimate Auto,2021,1
Opel,Opel Mokka,1.2 Turbo Ultimate Auto,2023,1
Opel,Opel Mokka,1.4 Turbo Elegance Business BVA8,2022,1
Opel,Opel Mokka X,1.4 Turbo 4x2,2018,1
Opel,Opel Zafira,1.4 Turbo Innovation,2017,1
Peugeot,Peugeot 108,1.0 VTi Allure,2019,1
Peugeot,Peugeot 108,1.0 VTi Allure ETG5,2017,1
Peugeot,Peugeot 108,1.0 VTi Collection,2019,1
Peugeot,Peugeot 108,1.0 VTi Style,2018,3
Peugeot,Peugeot 108,1.0 VTi Style,2019,1
Peugeot,Peugeot 108,1.0 VTi Style,2020,1
Peugeot,Peugeot 108,1.2 PureTech Style,2018,1
Peugeot,Peugeot 2008,1.2 PureTech Active,2017,1
Peugeot,Peugeot 2008,1.2 PureTech Active,2021,1
Peugeot,Peugeot 2008,1.2 PureTech Allure,2017,3
Peugeot,Peugeot 2008,1.2 PureTech Allure,2018,4
Peugeot,Peugeot 2008,1.2 PureTech Allure,2019,9
Peugeot,Peugeot 2008,1.2 PureTech Allure,2020,8
Peugeot,Peugeot 2008,1.2 PureTech Allure,2021,2
Peugeot,Peugeot 2008,1.2 PureTech Allure Business,2019,1
Peugeot,Peugeot 2008,1.2 PureTech Allure Business,2020,2
Peugeot,Peugeot 2008,1.2 PureTech Allure Business,2021,1
Peugeot,Peugeot 2008,1.2 PureTech Allure EAT6,2017,2
Peugeot,Peugeot 2008,1.2 PureTech Allure EAT6,2018,4
Peugeot,Peugeot 2008,1.2 PureTech Allure EAT6,2019,6
Peugeot,Peugeot 2008,1.2 PureTech Allure EAT8,2020,3
Peugeot,Peugeot 2008,1.2 PureTech Allure EAT8,2024,1
Peugeot,Peugeot 2008,1.2 PureTech Allure Pack,2023,1
Peugeot,Peugeot 2008,1.2 PureTech Crossway,2017,1
Peugeot,Peugeot 2008,1.2 PureTech Crossway EAT6,2017,4
Peugeot,Peugeot 2008,1.2 PureTech Crossway EAT6,2019,1
Peugeot,Peugeot 2008,1.2 PureTech GT,2023,1
Peugeot,Peugeot 2008,1.2 PureTech GT EAT8,2020,3
Peugeot,Peugeot 2008,1.2 PureTech GT EAT8,2021,5
Peugeot,Peugeot 2008,1.2 PureTech GT EAT8,2024,1
Peugeot,Peugeot 2008,1.2 PureTech GT Line,2017,3
Peugeot,Peugeot 2008,1.2 PureTech GT Line,2019,3
Peugeot,Peugeot 2008,1.2 PureTech GT Line,2020,3
Peugeot,Peugeot 2008,1.2 PureTech GT Line EAT6,2018,1
Peugeot,Peugeot 2008,1.2 PureTech GT Line EAT6,2019,1
Peugeot,Peugeot 2008,1.2 PureTech GT Line EAT8,2020,13
Peugeot,Peugeot 2008,1.2 PureTech Roadtrip EAT8,2022,1
Peugeot,Peugeot 2008,1.2 PureTech Signature,2019,3
Peugeot,Peugeot 2008,1.2 PureTech Signature EAT6,2019,2
Peugeot,Peugeot 2008,1.2 PureTech Style,2017,1
Peugeot,Peugeot 2008,1.2 PureTech Style,2018,2
Peugeot,Peugeot 2008,1.2 PureTech Style EAT8,2021,2
Peugeot,Peugeot 2008,1.5 Blue-HDi Allure,2019,1
Peugeot,Peugeot 2008,1.5 Blue-HDi Allure EAT6,2018,2
Peugeot,Peugeot 2008,1.5 Blue-HDi Allure EAT8,2021,1
Peugeot,Peugeot 2008,1.5 Blue-HDi Allure EAT8,2022,2
Peugeot,Peugeot 2008,1.5 Blue-HDi Allure EAT8,2023,1
Peugeot,Peugeot 2008,1.5 Blue-HDi Allure Pack EAT8,2022,2
Peugeot,Peugeot 2008,1.5 Blue-HDi GT EAT8,2021,2
Peugeot,Peugeot 2008,1.5 Blue-HDi GT Line EAT6,2018,1
Peugeot,Peugeot 2008,1.5 Blue-HDi GT Line EAT8,2020,1
Peugeot,Peugeot 2008,1.5 Blue-HDi Road Trip EAT8,2022,1
Peugeot,Peugeot 2008,1.5 Blue-HDi Style,2019,1
Peugeot,Peugeot 208,1.2 PureTech Active,2017,2
Peugeot,Peugeot 208,1.2 PureTech Active,2020,5
Peugeot,Peugeot 208,1.2 PureTech Active Business,2021,1
Peugeot,Peugeot 208,1.2 PureTech Active Pack,2022,2
Peugeot,Peugeot 208,1.2 PureTech Allure,2017,1
Peugeot,Peugeot 208,1.2 PureTech Allure,2019,6
Peugeot,Peugeot 208,1.2 PureTech Allure,2020,3
Peugeot,Peugeot 208,1.2 PureTech Allure,2021,2
Peugeot,Peugeot 208,1.2 PureTech Allure Business,2018,1
Peugeot,Peugeot 208,1.2 PureTech Allure Business EAT6,2017,1
Peugeot,Peugeot 208,1.2 PureTech Allure EAT6,2018,1
Peugeot,Peugeot 208,1.2 PureTech Allure EAT8,2019,1
Peugeot,Peugeot 208,1.2 PureTech Allure EAT8,2022,1
Peugeot,Peugeot 208,1.2 PureTech Allure Pack,2021,1
Peugeot,Peugeot 208,1.2 PureTech Allure Pack EAT8,2021,2
Peugeot,Peugeot 208,1.2 PureTech Allure Pack EAT8,2022,1
Peugeot,Peugeot 208,1.2 PureTech Allure Pack EAT8,2023,2
Peugeot,Peugeot 208,1.2 PureTech Feline,2017,2
Peugeot,Peugeot 208,1.2 PureTech GT,2022,2
Peugeot,Peugeot 208,1.2 PureTech GT,2024,1
Peugeot,Peugeot 208,1.2 PureTech GT EAT8,2021,2
Peugeot,Peugeot 208,1.2 PureTech GT EAT8,2022,1
Peugeot,Peugeot 208,1.2 PureTech GT EAT8,2023,3
Peugeot,Peugeot 208,1.2 PureTech GT Line,2017,2
Peugeot,Peugeot 208,1.2 PureTech GT Line,2018,1
Peugeot,Peugeot 208,1.2 PureTech GT Line,2019,1
Peugeot,Peugeot 208,1.2 PureTech GT Line EAT6,2018,2
Peugeot,Peugeot 208,1.2 PureTech GT Line EAT8,2019,1
Peugeot,Peugeot 208,1.2 PureTech GT Line EAT8,2020,5
Peugeot,Peugeot 208,1.2 PureTech GT Pack EAT8,2021,1
Peugeot,Peugeot 208,1.2 PureTech GT Pack EAT8,2022,5
Peugeot,Peugeot 208,1.2 PureTech Like,2019,1
Peugeot,Peugeot 208,1.2 PureTech Like,2021,1
Peugeot,Peugeot 208,1.2 PureTech Like,2022,4
Peugeot,Peugeot 208,1.2 PureTech Signature,2018,2
Peugeot,Peugeot 208,1.2 PureTech Signature,2019,1
Peugeot,Peugeot 208,1.2 PureTech Style,2017,4
Peugeot,Peugeot 208,1.2 PureTech Style,2018,1
Peugeot,Peugeot 208,1.2 PureTech Style,2021,1
Peugeot,Peugeot 208,1.2 PureTech Style,2022,4
Peugeot,Peugeot 208,1.2 PureTech Tech Edition EAT6,2019,1
Peugeot,Peugeot 208,1.5 Blue-HDi Allure,2019,1
Peugeot,Peugeot 208,1.5 Blue-HDi Allure Pack,2022,1
Peugeot,Peugeot 208,1.5 Blue-HDi GT,2021,1
Peugeot,Peugeot 208,1.5 Blue-HDi GT Line,2019,1
Peugeot,Peugeot 208,1.5 Blue-HDi Signature,2019,2
Peugeot,Peugeot 3008,1.2 PureTech Active Business EAT8,2019,1
Peugeot,Peugeot 3008,1.2 PureTech Active EAT8,2020,1
Peugeot,Peugeot 3008,1.2 PureTech Allure,2019,3
Peugeot,Peugeot 3008,1.2 PureTech Allure Business EAT8,2018,1
Peugeot,Peugeot 3008,1.2 PureTech Allure Business EAT8,2019,1
Peugeot,Peugeot 3008,1.2 PureTech Allure EAT6,2017,2
Peugeot,Peugeot 3008,1.2 PureTech Allure EAT8,2019,8
Peugeot,Peugeot 3008,1.2 PureTech Allure EAT8,2020,2
Peugeot,Peugeot 3008,1.2 PureTech Allure Pack,2021,1
Peugeot,Peugeot 3008,1.2 PureTech Allure Pack,2023,1
Peugeot,Peugeot 3008,1.2 PureTech Allure Pack EAT8,2021,1
Peugeot,Peugeot 3008,1.2 PureTech Allure Pack EAT8,2023,1
Peugeot,Peugeot 3008,1.2 PureTech Allure Pack EAT8,2024,1
Peugeot,Peugeot 3008,1.2 PureTech GT,2023,1
Peugeot,Peugeot 3008,1.2 PureTech GT EAT8,2020,1
Peugeot,Peugeot 3008,1.2 PureTech GT EAT8,2021,1
Peugeot,Peugeot 3008,1.2 PureTech GT EAT8,2023,1
Peugeot,Peugeot 3008,1.2 PureTech GT Line,2017,3
Peugeot,Peugeot 3008,1.2 PureTech GT Line,2018,2
Peugeot,Peugeot 3008,1.2 PureTech GT Line,2019,1
Peugeot,Peugeot 3008,1.2 PureTech GT Line EAT6,2017,3
Peugeot,Peugeot 3008,1.2 PureTech GT Line EAT8,2019,1
Peugeot,Peugeot 3008,1.2 PureTech GT Line EAT8,2020,3
Peugeot,Peugeot 3008,1.2 PureTech GT Pack EAT8,2021,1
Peugeot,Peugeot 3008,1.5 Blue-HDi Active Business EAT8,2018,2
Peugeot,Peugeot 3008,1.5 Blue-HDi Active Pack EAT8,2021,1
Peugeot,Peugeot 3008,1.5 Blue-HDi Allure Business EAT8,2019,1
Peugeot,Peugeot 3008,1.5 Blue-HDi Allure Business EAT8,2020,1
Peugeot,Peugeot 3008,1.5 Blue-HDi Allure Pack,2021,1
Peugeot,Peugeot 3008,1.5 Blue-HDi Allure Pack,2022,2
Peugeot,Peugeot 3008,1.5 Blue-HDi Allure Pack EAT8,2022,4
Peugeot,Peugeot 3008,1.5 Blue-HDi Allure Pack EAT8,2023,4
Peugeot,Peugeot 3008,1.5 Blue-HDi Crossway EAT8,2019,1
Peugeot,Peugeot 3008,1.5 Blue-HDi GT EAT8,2021,3
Peugeot,Peugeot 3008,1.5 Blue-HDi GT Line EAT8,2018,1
Peugeot,Peugeot 3008,1.5 Blue-HDi GT Line EAT8,2019,1
Peugeot,Peugeot 3008,1.5 Blue-HDi GT Line EAT8,2020,3
Peugeot,Peugeot 3008,1.6 Blue-HDi Active Business,2017,2
Peugeot,Peugeot 3008,1.6 Blue-HDi Allure Business EAT6,2017,1
Peugeot,Peugeot 3008,1.6 Blue-HDi Allure EAT6,2017,2
Peugeot,Peugeot 3008,1.6 Hybrid Allure Pack e-EAT8,2021,1
Peugeot,Peugeot 3008,1.6 Hybrid Allure Pack e-EAT8,2022,1
Peugeot,Peugeot 3008,1.6 Hybrid4 GT Pack e-EAT8,2021,1
Peugeot,Peugeot 3008,1.6 Hybrid4 GT Pack e-EAT8,2022,1
Peugeot,Peugeot 3008,1.6 PureTech GT Line EAT8,2019,3
Peugeot,Peugeot 3008,1.6 THP Allure EAT6,2017,1
Peugeot,Peugeot 3008,2.0 Blue-HDi GT EAT8,2020,1
Peugeot,Peugeot 3008,2.0 Blue-HDi GT Line EAT8,2018,1
Peugeot,Peugeot 308,1.2 PureTech Active,2017,1
Peugeot,Peugeot 308,1.2 PureTech Active,2020,1
Peugeot,Peugeot 308,1.2 PureTech Active Pack,2020,1
Peugeot,Peugeot 308,1.2 PureTech Allure,2017,4
Peugeot,Peugeot 308,1.2 PureTech Allure,2018,3
Peugeot,Peugeot 308,1.2 PureTech Allure,2020,1
Peugeot,Peugeot 308,1.2 PureTech Allure Business EAT8,2019,1
Peugeot,Peugeot 308,1.2 PureTech Allure EAT8,2019,1
Peugeot,Peugeot 308,1.2 PureTech Allure Pack,2022,1
Peugeot,Peugeot 308,1.2 PureTech Allure Pack EAT8,2021,1
Peugeot,Peugeot 308,1.2 PureTech Allure Pack EAT8,2022,1
Peugeot,Peugeot 308,1.2 PureTech Feline EAT6,2017,1
Peugeot,Peugeot 308,1.2 PureTech GT EAT8,2022,4
Peugeot,Peugeot 308,1.2 PureTech GT EAT8,2023,2
Peugeot,Peugeot 308,1.2 PureTech GT Line,2017,1
Peugeot,Peugeot 308,1.2 PureTech GT Line,2020,1
Peugeot,Peugeot 308,1.2 PureTech GT Line EAT8,2019,1
Peugeot,Peugeot 308,1.2 PureTech Style,2017,1
Peugeot,Peugeot 308,1.2 PureTech Style,2019,1
Peugeot,Peugeot 308,1.2 PureTech Style,2020,3
Peugeot,Peugeot 308,1.2 PureTech Style EAT8,2019,1
Peugeot,Peugeot 308,1.2 PureTech Tech Edition EAT8,2019,2
Peugeot,Peugeot 308,1.5 Blue-HDi Active Business,2019,1
Peugeot,Peugeot 308,1.5 Blue-HDi Active Business EAT8,2020,2
Peugeot,Peugeot 308,1.5 Blue-HDi Allure Business EAT8,2018,1
Peugeot,Peugeot 308,1.5 Blue-HDi GT Line,2019,1
Peugeot,Peugeot 308,1.5 Blue-HDi GT Line EAT8,2020,2
Peugeot,Peugeot 308,1.5 Blue-HDi GT Pack EAT8,2021,1
Peugeot,Peugeot 308,1.5 Blue-HDi Roadtrip EAT8,2021,2
Peugeot,Peugeot 308,1.5 Blue-HDi Style,2019,2
Peugeot,Peugeot 308,1.6 Blue-HDi Allure EAT6,2017,2
Peugeot,Peugeot 308,1.6 PHEV GT e-EAT8,2022,1
Peugeot,Peugeot 308,1.6 PHEV GT e-EAT8,2023,1
Peugeot,Peugeot 308,1.6 THP GTi,2017,1
Peugeot,Peugeot 308,1.6 THP GTi,2018,1
Peugeot,Peugeot 308,1.6 e-HDi GT Line EAT6,2018,2
Peugeot,Peugeot 308,2.0 Blue-HDi GT EAT8,2018,1
Peugeot,Peugeot 308,SW 1.2 PureTech GT Pack,2020,1
Peugeot,Peugeot 308,SW 1.5 Blue-HDi Active Business EAT8,2021,2
Peugeot,Peugeot 308,SW 1.5 Blue-HDi GT Pack EAT8,2021,1
Peugeot,Peugeot 308,SW 1.5 Blue-HDi Roadtrip EAT8,2021,2
Peugeot,Peugeot 408,1.2 Hybrid GT e-DCS6,2024,2
Peugeot,Peugeot 408,1.2 PureTech Allure Pack EAT8,2022,1
Peugeot,Peugeot 408,1.6 PHEV Allure Pack e-EAT8,2023,1
Peugeot,Peugeot 5008,1.2 PureTech Allure,2019,1
Peugeot,Peugeot 5008,1.2 PureTech Allure Business EAT8,2019,1
Peugeot,Peugeot 5008,1.2 PureTech Allure EAT8,2018,1
Peugeot,Peugeot 5008,1.2 PureTech Allure EAT8,2019,4
Peugeot,Peugeot 5008,1.2 PureTech Allure Pack,2021,1
Peugeot,Peugeot 5008,1.2 PureTech Allure Pack EAT8,2021,1
Peugeot,Peugeot 5008,1.2 PureTech Allure Pack EAT8,2023,1
Peugeot,Peugeot 5008,1.2 PureTech GT EAT8,2021,2
Peugeot,Peugeot 5008,1.2 PureTech GT EAT8,2023,1
Peugeot,Peugeot 5008,1.5 Blue-HDi Allure EAT8,2018,1
Peugeot,Peugeot 5008,1.5 Blue-HDi Allure Pack EAT8,2022,1
Peugeot,Peugeot 5008,1.5 Blue-HDi GT,2021,1
Peugeot,Peugeot 5008,1.5 Blue-HDi GT EAT8,2021,2
Peugeot,Peugeot 5008,1.5 Blue-HDi GT Line EAT8,2018,1
Peugeot,Peugeot 508,1.5 Blue-HDi GT EAT8,2022,1
Peugeot,Peugeot 508,1.6 PureTech Allure EAT8,2019,1
Peugeot,Peugeot 508,1.6 PureTech GT EAT8,2021,1
Peugeot,Peugeot 508,2.0 Blue-HDi Feline EAT6,2017,1
Peugeot,Peugeot 508,2.0 Blue-HDi GT Line EAT8,2020,1
Peugeot,Peugeot 508,SW 1.5 Blue-HDi Allure Pack EAT8,2022,1
Peugeot,Peugeot 508,SW 1.5 Blue-HDi GT EAT8,2021,1
Peugeot,Peugeot 508,SW 1.6 Hybrid GT e-EAT8,2020,1
Peugeot,Peugeot 508,SW 1.6 PureTech GT Line EAT8,2019,1
Peugeot,Peugeot Expert,Combi 1.5 Blue-HDi Long,2020,1
Peugeot,Peugeot Rifter,1.2 PureTech Allure,2019,2
Peugeot,Peugeot Rifter,1.2 PureTech GT Line EAT8,2020,1
Peugeot,Peugeot Rifter,1.5 Blue-HDi Active,2018,1
Peugeot,Peugeot Rifter,1.5 Blue-HDi GT Line EAT8,2019,1
Peugeot,Peugeot Rifter,1.5 Blue-HDi GT Line EAT8,2020,1
Peugeot,Peugeot Rifter,Long 1.5 Blue-HDi Allure Pack,2022,2
Renault,Renault Arkana,1.3 TCe Intens EDC,2021,3
Renault,Renault Arkana,1.3 TCe RS Line EDC,2022,2
Renault,Renault Arkana,1.3 TCe RS Line EDC,2023,1
Renault,Renault Arkana,1.3 TCe Techno EDC,2023,1
Renault,Renault Arkana,1.3 TCe Zen EDC,2022,1
Renault,Renault Arkana,1.6 E-Tech Business,2022,1
Renault,Renault Arkana,1.6 E-Tech Engineered,2022,1
Renault,Renault Arkana,1.6 E-Tech Engineered,2023,1
Renault,Renault Arkana,1.6 E-Tech RS Line,2022,3
Renault,Renault Austral,1.2 Hybrid E-Tech Iconic,2023,1
Renault,Renault Captur,0.9 TCe Business,2019,1
Renault,Renault Captur,0.9 TCe Energy Business,2017,1
Renault,Renault Captur,0.9 TCe Energy Zen,2017,1
Renault,Renault Captur,0.9 TCe Intens,2018,3
Renault,Renault Captur,0.9 TCe Limited,2019,2
Renault,Renault Captur,1.0 TCe Business,2020,1
Renault,Renault Captur,1.0 TCe Intens,2020,1
Renault,Renault Captur,1.0 TCe Zen,2020,1
Renault,Renault Captur,1.2 TCe Energy Crossborder EDC,2018,1
Renault,Renault Captur,1.2 TCe Energy Initiale Paris EDC,2017,1
Renault,Renault Captur,1.2 TCe Energy Intens,2017,3
Renault,Renault Captur,1.2 TCe Energy Intens EDC,2017,1
Renault,Renault Captur,1.2 TCe Energy Intens EDC,2018,3
Renault,Renault Captur,1.3 TCe Collection,2019,1
Renault,Renault Captur,1.3 TCe Edition One EDC,2020,1
Renault,Renault Captur,1.3 TCe Energy S-Edition,2018,1
Renault,Renault Captur,1.3 TCe Initiale Paris EDC,2020,1
Renault,Renault Captur,1.3 TCe Initiale Paris EDC,2021,1
Renault,Renault Captur,1.3 TCe Intens,2019,2
Renault,Renault Captur,1.3 TCe Intens,2020,3
Renault,Renault Captur,1.3 TCe Intens,2021,2
Renault,Renault Captur,1.3 TCe Intens EDC,2019,1
Renault,Renault Captur,1.3 TCe Intens EDC,2021,2
Renault,Renault Captur,1.3 TCe Intens EDC,2022,3
Renault,Renault Captur,1.3 TCe Mild Hybrid Evolution EDC,2023,2
Renault,Renault Captur,1.3 TCe Mild Hybrid RS Line EDC,2023,2
Renault,Renault Captur,1.3 TCe RS Line,2022,1
Renault,Renault Captur,1.3 TCe RS Line EDC,2021,1
Renault,Renault Captur,1.5 Blue dCi Business,2020,1
Renault,Renault Captur,1.5 Blue dCi Intens,2020,3
Renault,Renault Captur,1.5 dCi Business,2019,1
Renault,Renault Captur,1.5 dCi Energy Business,2018,1
Renault,Renault Captur,1.5 dCi Energy Business EDC,2018,1
Renault,Renault Captur,1.5 dCi Energy Intens,2017,4
Renault,Renault Captur,1.5 dCi Energy Intens EDC,2018,1
Renault,Renault Captur,1.6 E-Tech Full Hybrid Rive Gauche,2022,1
Renault,Renault Captur,1.6 E-Tech Full Hybrid Techno Fast Track,2023,1
Renault,Renault Captur,1.6 E-Tech Intens,2022,1
Renault,Renault Clio,0.9 TCe Business,2019,5
Renault,Renault Clio,0.9 TCe Energy Intens,2018,2
Renault,Renault Clio,0.9 TCe Energy Limited,2017,1
Renault,Renault Clio,0.9 TCe Generation,2019,1
Renault,Renault Clio,0.9 TCe Intens,2018,3
Renault,Renault Clio,0.9 TCe Intens,2019,1
Renault,Renault Clio,0.9 TCe Limited,2018,2
Renault,Renault Clio,0.9 TCe Limited,2019,1
Renault,Renault Clio,0.9 TCe Trend,2018,1
Renault,Renault Clio,1.0 SCe Evolution,2023,3
Renault,Renault Clio,1.0 SCe Life,2020,1
Renault,Renault Clio,1.0 SCe Zen,2020,1
Renault,Renault Clio,1.0 TCe Business,2019,1
Renault,Renault Clio,1.0 TCe Business,2020,3
Renault,Renault Clio,1.0 TCe Business,2022,2
Renault,Renault Clio,1.0 TCe Equilibre,2023,1
Renault,Renault Clio,1.0 TCe Evolution,2022,1
Renault,Renault Clio,1.0 TCe Evolution,2023,1
Renault,Renault Clio,1.0 TCe Intens,2019,4
Renault,Renault Clio,1.0 TCe Intens,2020,3
Renault,Renault Clio,1.0 TCe Intens,2021,4
Renault,Renault Clio,1.0 TCe RS Line,2021,1
Renault,Renault Clio,1.0 TCe SL Limited,2021,4
Renault,Renault Clio,1.0 TCe SL Limited,2022,1
Renault,Renault Clio,1.0 TCe Zen,2019,7
Renault,Renault Clio,1.0 TCe Zen,2020,2
Renault,Renault Clio,1.2 TCe Energy Initiale Paris,2018,1
Renault,Renault Clio,1.3 TCe Initiale Paris EDC,2020,1
Renault,Renault Clio,1.3 TCe Intens,2022,1
Renault,Renault Clio,1.3 TCe Intens EDC,2019,2
Renault,Renault Clio,1.3 TCe Intens EDC,2020,1
Renault,Renault Clio,1.3 TCe RS Line,2021,3
Renault,Renault Clio,1.3 TCe RS Line,2022,2
Renault,Renault Clio,1.3 TCe RS Line EDC,2019,4
Renault,Renault Clio,1.3 TCe Techno,2023,1
Renault,Renault Clio,1.5 Blue dCi Edition One,2020,1
Renault,Renault Clio,1.5 Blue dCi Intens,2020,2
Renault,Renault Clio,1.5 Blue dCi Intens,2022,1
Renault,Renault Clio,1.5 Blue dCi RS Line,2019,1
Renault,Renault Clio,1.5 Blue dCi RS Line,2020,1
Renault,Renault Clio,1.5 Blue dCi Zen,2019,2
Renault,Renault Clio,1.5 dCi Business,2019,2
Renault,Renault Clio,1.5 dCi Duel,2018,1
Renault,Renault Clio,1.5 dCi Energy Business,2017,2
Renault,Renault Clio,1.5 dCi Energy Business,2018,2
Renault,Renault Clio,1.5 dCi Energy Limited,2018,2
Renault,Renault Clio,1.5 dCi Trend,2018,2
Renault,Renault Clio,1.5 dCi Trend,2019,2
Renault,Renault Clio,1.6 E-Tech Premiere Edition,2020,1
Renault,Renault Clio,1.6 E-Tech RS Line,2021,1
Renault,Renault Clio,Estate 0.9 TCe Limited,2019,1
Renault,Renault Clio,Estate 1.2 TCe Energy Intens,2018,1
Renault,Renault Clio,Estate 1.2 TCe Energy Intens EDC,2018,1
Renault,Renault Clio,Estate 1.2 TCe Energy Steel EDC,2018,1
Renault,Renault Espace,1.2 E-Tech Hybrid Techno,2023,1
Renault,Renault Espace,2.0 Blue dCi Initiale Paris EDC,2021,1
Renault,Renault Grand Scenic,1.3 TCe Bose Edition EDC,2019,2
Renault,Renault Grand Scenic,1.3 TCe Bose Edition EDC,2020,1
Renault,Renault Grand Scenic,1.3 TCe Business EDC,2019,1
Renault,Renault Grand Scenic,1.3 TCe Energy Intens EDC,2018,1
Renault,Renault Grand Scenic,1.3 TCe Intens,2021,4
Renault,Renault Grand Scenic,1.3 TCe Zen,2019,1
Renault,Renault Grand Scenic,1.5 dCi Energy Intens EDC,2017,2
Renault,Renault Grand Scenic,1.5 dCi Energy Life,2018,1
Renault,Renault Grand Scenic,1.6 dCi Energy Intens EDC,2017,1
Renault,Renault Grand Scenic,1.7 dCi Blue Business EDC,2019,1
Renault,Renault Grand Scenic,1.7 dCi Blue Business EDC,2020,1
Renault,Renault Grand Scenic,1.7 dCi Blue Initiale Paris,2019,1
Renault,Renault Kadjar,1.2 TCe Energy Collection,2017,2
Renault,Renault Kadjar,1.2 TCe Energy EDC,2018,1
Renault,Renault Kadjar,1.2 TCe Energy Graphite,2018,1
Renault,Renault Kadjar,1.2 TCe Energy Intens EDC,2018,2
Renault,Renault Kadjar,1.3 TCe Business,2021,1
Renault,Renault Kadjar,1.3 TCe Intens,2018,2
Renault,Renault Kadjar,1.3 TCe Intens,2019,1
Renault,Renault Kadjar,1.3 TCe Intens,2021,1
Renault,Renault Kadjar,1.3 TCe Intens EDC,2018,1
Renault,Renault Kadjar,1.3 TCe Intens EDC,2019,1
Renault,Renault Kadjar,1.5 Blue dCi,2020,2
Renault,Renault Kadjar,1.5 Blue dCi EDC,2020,1
Renault,Renault Kadjar,1.5 Blue dCi Limited Deluxe,2020,1
Renault,Renault Kadjar,1.5 dCi Blue Business,2019,2
Renault,Renault Kadjar,1.5 dCi Blue Business,2020,1
Renault,Renault Kadjar,1.5 dCi Blue Intens,2018,1
Renault,Renault Kadjar,1.5 dCi Blue Intens,2019,1
Renault,Renault Kadjar,1.5 dCi Blue Intens EDC,2020,2
Renault,Renault Kadjar,1.5 dCi Blue Intens EDC,2022,1
Renault,Renault Kadjar,1.5 dCi Blue SL Wave,2018,1
Renault,Renault Kadjar,1.5 dCi Energy Intens EDC,2017,1
Renault,Renault Kangoo,1.2 TCe Energy Zen,2018,1
Renault,Renault Kangoo,1.2 TCe Intens EDC,2017,2
Renault,Renault Koleos,1.3 TCe Executive EDC,2021,1
Renault,Renault Koleos,1.3 TCe Initiale Paris EDC,2020,1
Renault,Renault Mégane,1.2 TCe Akaju EDC,2017,1
Renault,Renault Mégane,1.2 TCe Energy Intens,2018,1
Renault,Renault Mégane,1.2 TCe Energy Intens EDC,2017,2
Renault,Renault Mégane,1.2 TCe Energy Limited EDC,2017,1
Renault,Renault Mégane,1.3 TCe GT-Line EDC,2019,2
Renault,Renault Mégane,1.3 TCe GT-Line EDC,2020,1
Renault,Renault Mégane,1.3 TCe Intens,2018,2
Renault,Renault Mégane,1.3 TCe Intens,2020,1
Renault,Renault Mégane,1.3 TCe Intens EDC,2021,2
Renault,Renault Mégane,1.3 TCe Limited Deluxe,2019,1
Renault,Renault Mégane,1.3 TCe RS Line,2020,1
Renault,Renault Mégane,1.3 TCe RS Line,2021,1
Renault,Renault Mégane,1.3 TCe RS Line EDC7,2022,1
Renault,Renault Mégane,1.5 Blue dCi Bose Edition EDC,2019,1
Renault,Renault Mégane,1.5 dCi Blue Business,2021,1
Renault,Renault Mégane,1.5 dCi Blue Business EDC,2020,1
Renault,Renault Mégane,1.5 dCi Blue Intens,2020,2
Renault,Renault Mégane,1.5 dCi Blue Intens,2021,1
Renault,Renault Mégane,1.5 dCi Blue Intens EDC,2019,1
Renault,Renault Mégane,1.5 dCi Blue Intens EDC,2020,1
Renault,Renault Mégane,1.5 dCi Blue Limited EDC,2021,2
Renault,Renault Mégane,1.5 dCi Energy Business EDC,2018,1
Renault,Renault Mégane,1.6 TCe Energy GT EDC7,2017,1
Renault,Renault Mégane,Estate 1.2 TCe Energy Business,2018,1
Renault,Renault Mégane,Estate 1.3 TCe Intens EDC,2019,2
Renault,Renault Mégane,Estate 1.5 dCi Blue Business,2020,1
Renault,Renault Mégane,Estate 1.5 dCi Blue Intens,2019,1
Renault,Renault Mégane,Estate 1.5 dCi Blue Intens EDC,2022,1
Renault,Renault Mégane,Estate 1.6 E-Tech Plug-in Hybride RS Line,2020,1
Renault,Renault Mégane,Estate 1.6 E-Tech Plug-in Hybride RS Line,2021,1
Renault,Renault Scenic,1.2 TCe Energy Intens,2017,1
Renault,Renault Scenic,1.3 TCe Energy Bose Edition,2018,1
Renault,Renault Scenic,1.3 TCe Energy Intens EDC,2018,2
Renault,Renault Scenic,1.3 TCe Initiale Paris,2019,1
Renault,Renault Scenic,1.3 TCe Intens,2021,1
Renault,Renault Scenic,1.3 TCe SL Limited,2021,1
Renault,Renault Scenic,1.7 Blue dCi Intens,2019,1
Renault,Renault Scenic,1.7 Blue dCi Life,2019,2
Renault,Renault Talisman,1.3 TCe Business EDC,2021,2
Renault,Renault Talisman,1.3 TCe Initiale Paris EDC,2019,2
Renault,Renault Talisman,1.3 TCe Intens EDC,2021,2
Renault,Renault Talisman,1.5 dCi Energy Business Eco2,2017,2
Renault,Renault Talisman,1.6 TCe Energy Initiale Paris EDC,2017,1
Renault,Renault Talisman,1.6 TCe Energy Initiale Paris EDC,2018,1
Renault,Renault Talisman,1.6 TCe Energy Intens EDC,2018,1
Renault,Renault Talisman,2.0 Blue dCi Initiale Paris EDC,2020,2
Renault,Renault Twingo,0.9 TCe Energy Hipanema,2017,1
Renault,Renault Twingo,0.9 TCe Intens EDC,2017,1
Renault,Renault Twingo,0.9 TCe Intens EDC,2019,3
Renault,Renault Twingo,0.9 TCe Intens EDC,2020,5
Renault,Renault Twingo,0.9 TCe Le Coq Sportif,2019,1
Renault,Renault Twingo,0.9 TCe Midnight EDC,2017,2
Renault,Renault Twingo,0.9 TCe Zen,2020,2
Renault,Renault Twingo,0.9 TCe Zen,2021,1
Renault,Renault Twingo,1.0 SCe Intens,2018,2
Renault,Renault Twingo,1.0 SCe Intens,2021,1
Renault,Renault Twingo,1.0 SCe Life,2019,1
Renault,Renault Twingo,1.0 SCe Life,2020,1
Renault,Renault Twingo,1.0 SCe SL Limited,2021,2
Renault,Renault Twingo,1.0 SCe SL Limited,2022,1
Seat,Seat Arona,1.0 EcoTSI FR DSG7,2020,3
Seat,Seat Arona,1.0 EcoTSI Reference,2020,2
Seat,Seat Arona,1.0 EcoTSI Reference,2023,2
Seat,Seat Arona,1.0 EcoTSI Style DSG7,2024,1
Seat,Seat Arona,1.0 EcoTSI Xcellence BV6,2017,1
Seat,Seat Arona,1.0 EcoTSI Xcellence BV6,2020,1
Seat,Seat Arona,1.0 EcoTSI Xcellence DSG7,2019,2
Seat,Seat Ateca,1.0 TSI Style Business,2019,1
Seat,Seat Ateca,1.4 EcoTSI ACT Style DSG7,2017,1
Seat,Seat Ateca,1.4 EcoTSI ACT Style DSG7,2018,3
Seat,Seat Ateca,1.5 TSI ACT Style Business DSG7,2022,1
Seat,Seat Ateca,1.5 TSI ACT Xcellence DSG7,2019,2
Seat,Seat Ateca,1.5 TSI ACT Xperience DSG7,2023,2
Seat,Seat Ateca,1.6 TDI Ecomotive Urban DSG,2020,1
Seat,Seat Ateca,2.0 TDI DSG7,2022,1
Seat,Seat Ateca,2.0 TDI FR DSG7,2021,2
Seat,Seat Ateca,2.0 TDI Xperience DSG7,2021,1
Seat,Seat Ibiza,1.0 EcoTSI FR DSG7,2019,1
Seat,Seat Ibiza,1.0 EcoTSI FR DSG7,2022,1
Seat,Seat Ibiza,1.0 EcoTSI Style,2021,2
Seat,Seat Ibiza,1.0 EcoTSI Style,2022,1
Seat,Seat Ibiza,1.0 EcoTSI XCellence,2018,1
Seat,Seat Ibiza,1.0 EcoTSI XCellence DSG7,2020,1
Seat,Seat Ibiza,1.0 MPI Urban,2018,1
Seat,Seat Ibiza,1.0 TSI Urban,2020,1
Seat,Seat Leon,1.0 TSI Urban,2021,1
Seat,Seat Leon,1.2 TSI Style,2018,1
Seat,Seat Leon,1.4 TSI FR,2018,2
Seat,Seat Leon,1.5 TSI ACT,2019,1
Seat,Seat Leon,1.5 TSI ACT FR BVM6,2020,1
Seat,Seat Leon,1.5 TSI ACT FR DSG,2020,1
Seat,Seat Leon,1.5 TSI ACT Xcellence DSG,2019,1
Seat,Seat Leon,1.5 eTSI FR DSG7,2020,4
Seat,Seat Leon,1.5 eTSI FR DSG7,2022,3
Seat,Seat Leon,2.0 TDI FR DSG7,2021,1
Seat,Seat Leon,ST 1.5 eTSI FR DSG7,2021,2
Seat,Seat Tarraco,1.5 TSI FR DSG7,2020,1
Seat,Seat Tarraco,2.0 TDI 4x4 Xcellence DSG7,2019,2
Skoda,Skoda Fabia,1.0 TSI,2018,1
Skoda,Skoda Fabia,1.0 TSI Ambition DSG7,2022,1
Skoda,Skoda Fabia,1.0 TSI Ambition DSG7,2023,1
Skoda,Skoda Fabia,1.0 TSI Clever,2018,2
Skoda,Skoda Fabia,1.0 TSI Clever DSG7,2021,1
Skoda,Skoda Fabia,1.0 TSI Monte Carlo,2021,1
Skoda,Skoda Fabia,1.0 TSI Monte Carlo DSG7,2019,1
Skoda,Skoda Fabia,1.0 TSI Style DSG7,2022,1
Skoda,Skoda Kamiq,1.0 TSI Ambition DSG7,2023,1
Skoda,Skoda Kamiq,1.0 TSI Style DSG7,2020,2
Skoda,Skoda Kamiq,1.5 TSI ACT Ambition BV6,2020,1
Skoda,Skoda Kamiq,1.5 TSI ACT Monte-Carlo DSG7,2022,4
Skoda,Skoda Kamiq,1.5 TSI ACT Style DSG7,2019,1
Skoda,Skoda Kamiq,1.5 TSI ACT Young Edition DSG7,2022,1
Skoda,Skoda Karoq,1.5 TSI ACT Style DSG7,2021,1
Skoda,Skoda Karoq,2.0 TDI SCR 4x4 Scout DSG7,2020,1
Skoda,Skoda Karoq,2.0 TDI SCR 4x4 Sportline DSG7,2021,1
Skoda,Skoda Kodiaq,1.5 TSI ACT Business DSG7,2021,1
Skoda,Skoda Kodiaq,1.5 TSI ACT Sportline DSG7,2018,1
Skoda,Skoda Kodiaq,2.0 TDI SCR Drive DSG7,2020,2
Skoda,Skoda Kodiaq,2.0 TDI SCR Laurin & Klement DSG7,2021,1
Skoda,Skoda Kodiaq,2.0 TDI SCR Style DSG7,2022,1
Skoda,Skoda Octavia,1.5 TSI Ambition BV6,2022,1
Skoda,Skoda Octavia,1.5 TSI MHEV e-TEC ACT Business DSG7,2023,1
Skoda,Skoda Octavia,2.0 TDI RS,2018,1
Skoda,Skoda Octavia,2.0 TSI RS DSG7,2019,2
Skoda,Skoda Octavia,Combi 2.0 TDI Business DSG7,2022,1
Skoda,Skoda Octavia,Combi 2.0 TDI RS DSG7,2019,1
Skoda,Skoda Scala,1.0 TSI Monte-Carlo DSG7,2023,1
Skoda,Skoda Scala,1.5 TSI Style DSG7,2019,1
Skoda,Skoda Scala,1.5 TSI Style DSG7,2020,2
Skoda,Skoda Superb,2.0 TDI SRC SportLine DSG7,2022,2
Skoda,Skoda Superb,Combi 1.5 TSI ACT Style DSG7,2020,2
Smart,Smart forfour,0.9 Brabus,2017,1
Smart,Smart fortwo,0.9 Passion Twinamic,2017,1
Smart,Smart fortwo,1.0 Passion,2019,2
Suzuki,Suzuki Ignis,1.2 DualJet Avantage,2018,2
Suzuki,Suzuki Ignis,1.2 DualJet Hybrid Privilege,2020,1
Suzuki,Suzuki Ignis,1.2 DualJet Pack Auto AGS,2018,1
Suzuki,Suzuki S-Cross,1.4 BoosterJet Hybrid Style AllGrip,2023,1
Suzuki,Suzuki SX4 S-Cross,1.4 BoosterJet Hybrid Privilege Auto,2021,1
Suzuki,Suzuki SX4 S-Cross,1.4 BoosterJet Hybrid Style,2020,1
Suzuki,Suzuki Swift,1.2 DualJet Hybrid Avantage,2020,2
Suzuki,Suzuki Swift,1.2 DualJet Hybrid Avantage,2021,2
Suzuki,Suzuki Swift,1.2 DualJet Hybrid Avantage,2023,1
Suzuki,Suzuki Swift,1.2 DualJet Hybrid Pack,2021,2
Suzuki,Suzuki Swift,1.2 DualJet Hybrid Pack,2023,2
Suzuki,Suzuki Swift,1.2 DualJet Hybrid Privilege,2020,1
Suzuki,Suzuki Swift,1.2 DualJet Privilege,2019,1
Suzuki,Suzuki Vitara,1.0 BoosterJet Avantage,2019,1
Suzuki,Suzuki Vitara,1.4 BoosterJet Hybrid,2021,1
Suzuki,Suzuki Vitara,1.4 BoosterJet Hybrid Privilege AllGrip,2021,1
Toyota,Toyota Auris,1.2T Design,2017,1
Toyota,Toyota Aygo,1.0 VVT-i X-Play,2018,1
Toyota,Toyota Aygo,1.0 VVT-i X-Play,2019,3
Toyota,Toyota Aygo,1.0 VVT-i X-Play X-Shift,2019,3
Toyota,Toyota Aygo,1.0 VVT-i X-Red,2018,1
Toyota,Toyota Aygo,1.0 VVT-i X-Trend 2,2019,1
Toyota,Toyota Aygo X,1.0 VVT-i Active,2022,1
Toyota,Toyota Aygo X,1.0 VVT-i Air Limited S-CVT,2022,1
Toyota,Toyota Aygo X,1.0 VVT-i Dynamic S-CVT,2024,2
Toyota,Toyota C-HR,1.2 T Graphic CVT AWD,2017,1
Toyota,Toyota C-HR,1.8 Hybride,2019,1
Toyota,Toyota C-HR,1.8 Hybride Collection,2021,1
Toyota,Toyota C-HR,1.8 Hybride Design,2019,1
Toyota,Toyota C-HR,1.8 Hybride Edition,2018,3
Toyota,Toyota C-HR,1.8 Hybride Edition,2020,1
Toyota,Toyota C-HR,1.8 Hybride Edition,2021,1
Toyota,Toyota C-HR,2.0 Hybride,2021,2
Toyota,Toyota C-HR,2.0 Hybride Collection,2019,1
Toyota,Toyota C-HR,2.0 Hybride Collection,2020,3
Toyota,Toyota C-HR,2.0 Hybride Dynamic Business,2020,2
Toyota,Toyota C-HR,2.0 Hybride Edition,2022,2
Toyota,Toyota C-HR,2.0 Hybride GR Sport,2021,1
Toyota,Toyota Corolla,1.8 Hybride Design,2021,1
Toyota,Toyota Corolla,1.8 Hybride Dynamic Business,2021,1
Toyota,Toyota Corolla,2.0 Hybride Collection,2019,1
Toyota,Toyota Corolla,2.0 Hybride Collection,2022,1
Toyota,Toyota Corolla,2.0 Hybride Design,2020,2
Toyota,Toyota Corolla,Touring Sports 2.0 Hybride Collection,2022,1
Toyota,Toyota ProAce,Combi Long 1.5 D-4D Dynamic,2021,1
Toyota,Toyota ProAce Verso,Long 1.5 D-4D Dynamic,2021,1
Toyota,Toyota RAV 4,2.0 VVT-i Dynamic 4WD,2017,1
Toyota,Toyota RAV 4,2.5 Hybride 2WD,2018,1
Toyota,Toyota RAV 4,2.5 Hybride 2WD Black Edition,2021,2
Toyota,Toyota RAV 4,2.5 Hybride 2WD Dynamic,2022,1
Toyota,Toyota RAV 4,2.5 Hybride AWD Black Edition,2021,1
Toyota,Toyota RAV 4,2.5 Hybride AWD Lounge,2020,1
Toyota,Toyota Yaris,1.0 VVT-i Dynamic Business,2021,1
Toyota,Toyota Yaris,1.0 VVT-i France,2021,1
Toyota,Toyota Yaris,1.5 Hybrid Collection,2018,2
Toyota,Toyota Yaris,1.5 Hybrid Collection,2019,1
Toyota,Toyota Yaris,1.5 Hybrid Collection,2021,1
Toyota,Toyota Yaris,1.5 Hybrid Design,2021,3
Toyota,Toyota Yaris,1.5 Hybrid Design,2023,1
Toyota,Toyota Yaris,1.5 Hybrid Dynamic,2017,2
Toyota,Toyota Yaris,1.5 Hybrid Dynamic,2018,2
Toyota,Toyota Yaris,1.5 Hybrid Dynamic,2019,1
Toyota,Toyota Yaris,1.5 Hybrid Dynamic,2020,1
Toyota,Toyota Yaris,1.5 Hybrid Dynamic Business,2024,1
Toyota,Toyota Yaris,1.5 Hybrid France,2017,1
Toyota,Toyota Yaris,1.5 Hybrid France,2018,2
Toyota,Toyota Yaris,1.5 Hybrid GR Sport,2020,2
Toyota,Toyota Yaris,1.5 Hybrid Iconic,2021,1
Toyota,Toyota Yaris,1.5 Hybrid Premiere,2021,1
Toyota,Toyota Yaris,1.5 Hybrid TechnoLine,2017,1
Toyota,Toyota Yaris,1.5 VVT-i Design Y20,2019,2
Toyota,Toyota Yaris,1.5 VVT-i France,2017,1
Toyota,Toyota Yaris,1.5 VVT-i France Connect,2020,1
Toyota,Toyota Yaris,1.5 VVT-i Ultimate,2020,1
Toyota,Toyota Yaris Cross,1.5 2WD Design,2022,1
Toyota,Toyota Yaris Cross,1.5 2WD Design,2023,1
Toyota,Toyota Yaris Cross,1.5 2WD Design,2024,1
Toyota,Toyota Yaris Cross,1.5 AWD-i Trail,2021,1
Toyota,Toyota Yaris Cross,1.5 Hybride 2WD GR Sport,2023,1
Volkswagen,Volkswagen Amarok,3.0 V6 TDI 4Motion Carat Auto,2017,1
Volkswagen,Volkswagen Amarok,3.0 V6 TDI 4Motion Carat Auto,2018,1
Volkswagen,Volkswagen Arteon,2.0 TSI Elegance DSG7,2018,1
Volkswagen,Volkswagen Caddy,2.0 TDI Trendline DSG,2019,1
Volkswagen,Volkswagen Golf VII,1.0 TSI,2019,1
Volkswagen,Volkswagen Golf VII,1.0 TSI BlueMotion Tech Connect BV6,2019,1
Volkswagen,Volkswagen Golf VII,1.0 TSI BlueMotion Tech Trendline BV6,2019,1
Volkswagen,Volkswagen Golf VII,1.4 TSI DSG7,2017,1
Volkswagen,Volkswagen Golf VII,1.4 TSI GTE DSG6,2018,1
Volkswagen,Volkswagen Golf VII,1.4 TSI GTE DSG6,2020,1
Volkswagen,Volkswagen Golf VII,1.5 TSI EVO BlueMotion Tech Carat BV6,2017,1
Volkswagen,Volkswagen Golf VII,1.5 TSI EVO BlueMotion Tech Carat DSG7,2019,3
Volkswagen,Volkswagen Golf VII,1.5 TSI EVO BlueMotion Tech Connect DSG7,2019,1
Volkswagen,Volkswagen Golf VII,1.5 TSI EVO IQ.Drive DSG7,2020,1
Volkswagen,Volkswagen Golf VII,1.5 TSI EVO Match DSG7,2020,2
Volkswagen,Volkswagen Golf VII,1.6 TDI BlueMotion Tech Comfortline,2019,2
Volkswagen,Volkswagen Golf VII,1.6 TDI Join,2018,1
Volkswagen,Volkswagen Golf VII,2.0 TSI GTI TCR DSG7,2020,1
Volkswagen,Volkswagen Golf VII,SW 1.5 TSI EVO IQ.Drive DSG7,2019,1
Volkswagen,Volkswagen Golf VII,SW 2.0 TDI BlueMotion Tech Alltrack 4Motion DSG6,2020,1
Volkswagen,Volkswagen Golf VII Sportsvan,1.4 TSI BlueMotion Tech Sound DSG7,2017,1
Volkswagen,Volkswagen Golf VII Sportsvan,1.5 TSI EVO BlueMotion Tech Connect DSG7,2019,1
Volkswagen,Volkswagen Golf VII Sportsvan,1.5 TSI EVO IQ.Drive BV6,2020,1
Volkswagen,Volkswagen Golf VIII,1.0 eTSI DSG7,2022,1
Volkswagen,Volkswagen Golf VIII,1.4 eHybrid GTE DSG6,2020,1
Volkswagen,Volkswagen Golf VIII,1.5 eTSI OPF Life 1st DSG7,2020,1
Volkswagen,Volkswagen Golf VIII,1.5 eTSI OPF Style 1st DSG7,2020,1
Volkswagen,Volkswagen Golf VIII,1.5 eTSI OPF Style DSG7,2023,1
Volkswagen,Volkswagen Golf VIII,2.0 TDI GTD DSG7,2022,1
Volkswagen,Volkswagen Golf VIII,2.0 TDI SRC R-Line DSG7,2021,1
Volkswagen,Volkswagen Golf VIII,2.0 TDI SRC Style 1st DSG7,2020,1
Volkswagen,Volkswagen Golf VIII,2.0 TSI GTI DSG7,2022,1
Volkswagen,Volkswagen Golf VIII,SW 1.5 TSI EVO Life Plus BVM6,2024,1
Volkswagen,Volkswagen Passat,SW 2.0 TDI BlueMotion Tech Connect DSG7,2019,1
Volkswagen,Volkswagen Polo,1.0 Confortline,2018,1
Volkswagen,Volkswagen Polo,1.0 Connect,2019,1
Volkswagen,Volkswagen Polo,1.0 TSI,2019,1
Volkswagen,Volkswagen Polo,1.0 TSI Active DSG7,2021,1
Volkswagen,Volkswagen Polo,1.0 TSI Confortline,2017,2
Volkswagen,Volkswagen Polo,1.0 TSI Confortline DSG7,2018,5
Volkswagen,Volkswagen Polo,1.0 TSI Confortline DSG7,2019,2
Volkswagen,Volkswagen Polo,1.0 TSI Connect,2019,2
Volkswagen,Volkswagen Polo,1.0 TSI Copper Line,2019,1
Volkswagen,Volkswagen Polo,1.0 TSI Copper Line DSG7,2018,2
Volkswagen,Volkswagen Polo,1.0 TSI DSG7,2020,1
Volkswagen,Volkswagen Polo,1.0 TSI IQ.Drive,2019,2
Volkswagen,Volkswagen Polo,1.0 TSI IQ.Drive,2020,1
Volkswagen,Volkswagen Polo,1.0 TSI IQ.Drive DSG7,2019,1
Volkswagen,Volkswagen Polo,1.0 TSI Lounge,2019,1
Volkswagen,Volkswagen Polo,1.0 TSI Lounge,2021,1
Volkswagen,Volkswagen Polo,1.0 TSI R-Line,2021,3
Volkswagen,Volkswagen Polo,1.0 TSI R-Line DSG7,2019,1
Volkswagen,Volkswagen Polo,1.0 TSI R-Line DSG7,2020,1
Volkswagen,Volkswagen Polo,1.0 TSI R-Line DSG7,2021,3
Volkswagen,Volkswagen Polo,1.0 TSI R-Line DSG7,2022,2
Volkswagen,Volkswagen Polo,1.0 TSI R-Line DSG7,2023,2
Volkswagen,Volkswagen Polo,1.0 TSI R-Line Exclusive DSG7,2018,1
Volkswagen,Volkswagen Polo,1.0 TSI Style,2023,1
Volkswagen,Volkswagen Polo,1.0 TSI Style DSG7,2022,1
Volkswagen,Volkswagen Polo,1.0 TSI Style DSG7,2023,1
Volkswagen,Volkswagen Polo,1.0 TSI United,2021,1
Volkswagen,Volkswagen Polo,1.0 TSI United DSG7,2021,1
Volkswagen,Volkswagen Polo,1.0 Trendline Business,2019,2
Volkswagen,Volkswagen Polo,1.2 TSI BlueMotion Tech Match DSG7,2017,1
Volkswagen,Volkswagen Polo,1.5 TSI R-Line Exclusive DSG7,2021,1
Volkswagen,Volkswagen Polo,1.6 TDI Confortline Business,2019,2
Volkswagen,Volkswagen Polo,2.0 TSI GTI DSG6,2020,1
Volkswagen,Volkswagen Polo,2.0 TSI GTI DSG7,2022,2
Volkswagen,Volkswagen T-Cross,1.0 TSI Active,2021,1
Volkswagen,Volkswagen T-Cross,1.0 TSI Active DSG,2022,1
Volkswagen,Volkswagen T-Cross,1.0 TSI Carat,2020,2
Volkswagen,Volkswagen T-Cross,1.0 TSI Carat DSG,2022,1
Volkswagen,Volkswagen T-Cross,1.0 TSI DSG,2020,2
Volkswagen,Volkswagen T-Cross,1.0 TSI Life,2022,1
Volkswagen,Volkswagen T-Cross,1.0 TSI Life DSG,2024,2
Volkswagen,Volkswagen T-Cross,1.0 TSI Lounge,2020,2
Volkswagen,Volkswagen T-Cross,1.0 TSI Lounge DSG,2022,1
Volkswagen,Volkswagen T-Cross,1.0 TSI R-Line,2019,1
Volkswagen,Volkswagen T-Cross,1.0 TSI R-Line DSG,2019,1
Volkswagen,Volkswagen T-Cross,1.0 TSI R-Line DSG,2021,2
Volkswagen,Volkswagen T-Cross,1.0 TSI R-Line DSG,2022,1
Volkswagen,Volkswagen T-Cross,1.0 TSI R-Line Tech DSG,2023,1
Volkswagen,Volkswagen T-Cross,1.0 TSI Style DSG,2023,2
Volkswagen,Volkswagen T-Cross,1.0 TSI United,2021,2
Volkswagen,Volkswagen T-Cross,1.0 TSI United DSG,2021,2
Volkswagen,Volkswagen T-Cross,1.6 TDI Carat DSG,2020,1
Volkswagen,Volkswagen T-Cross,1.6 TDI Lounge,2019,1
Volkswagen,Volkswagen T-Roc,1.0 TSI Lounge,2017,1
Volkswagen,Volkswagen T-Roc,1.0 TSI Lounge,2018,1
Volkswagen,Volkswagen T-Roc,1.0 TSI Lounge,2020,2
Volkswagen,Volkswagen T-Roc,1.5 TSI EVO Carat,2019,3
Volkswagen,Volkswagen T-Roc,1.5 TSI EVO Carat DSG7,2019,2
Volkswagen,Volkswagen T-Roc,1.5 TSI EVO Carat DSG7,2021,2
Volkswagen,Volkswagen T-Roc,1.5 TSI EVO DSG7,2021,3
Volkswagen,Volkswagen T-Roc,1.5 TSI EVO Lounge,2018,1
Volkswagen,Volkswagen T-Roc,1.5 TSI EVO R-Line DSG7,2020,2
Volkswagen,Volkswagen T-Roc,1.5 TSI EVO R-Line DSG7,2022,3
Volkswagen,Volkswagen T-Roc,1.5 TSI EVO R-Line DSG7,2024,2
Volkswagen,Volkswagen T-Roc,1.5 TSI EVO Style,2018,1
Volkswagen,Volkswagen T-Roc,1.5 TSI EVO Style DSG7,2020,1
Volkswagen,Volkswagen T-Roc,1.5 TSI EVO Style DSG7,2022,2
Volkswagen,Volkswagen T-Roc,1.5 TSI EVO United DSG7,2020,2
Volkswagen,Volkswagen T-Roc,2.0 TDI Lounge Business DSG7,2021,1
Volkswagen,Volkswagen T-Roc,2.0 TDI R-Line DSG7,2022,1
Volkswagen,Volkswagen T-Roc,2.0 TDI T-Roc BVM6,2023,1
Volkswagen,Volkswagen T-Roc,2.0 TSI Carat 4Motion DSG7,2019,1
Volkswagen,Volkswagen Taigo,1.0 TSI R-Line DSG7,2022,2
Volkswagen,Volkswagen Taigo,1.0 TSI R-Line DSG7,2023,2
Volkswagen,Volkswagen Taigo,1.5 TSI R-Line DSG7,2022,3
Volkswagen,Volkswagen Taigo,1.5 TSI R-Line DSG7,2023,2
Volkswagen,Volkswagen Tiguan,1.4 TSI Sound BV6,2018,2
Volkswagen,Volkswagen Tiguan,1.4 eHybrid DSG6,2022,1
Volkswagen,Volkswagen Tiguan,1.5 TSI EVO Carat Exclusive DSG7,2020,1
Volkswagen,Volkswagen Tiguan,1.5 TSI EVO Confortline DSG7,2019,1
Volkswagen,Volkswagen Tiguan,1.5 TSI EVO Connect BV6,2019,1
Volkswagen,Volkswagen Tiguan,1.5 TSI EVO Connect DSG7,2019,1
Volkswagen,Volkswagen Tiguan,2.0 TDI Active DSG7,2021,1
Volkswagen,Volkswagen Tiguan,2.0 TDI BlueMotion Tech Confortline DSG7,2019,2
Volkswagen,Volkswagen Tiguan,2.0 TDI BlueMotion Tech Sound BV6,2018,2
Volkswagen,Volkswagen Tiguan,2.0 TDI Elegance Exclusive DSG7,2021,1
Volkswagen,Volkswagen Tiguan,2.0 TDI Join,2019,1
Volkswagen,Volkswagen Tiguan,2.0 TDI Match DSG7,2020,2
Volkswagen,Volkswagen Tiguan,2.0 TDI R-Line 4Motion DSG7,2021,1
Volkswagen,Volkswagen Tiguan,2.0 TDI R-Line DSG7,2022,1
Volkswagen,Volkswagen Tiguan Allspace,2.0 TDI R-Line DSG7,2022,1
Volkswagen,Volkswagen Touran,1.2 TSI BlueMotion Tech Sound,2017,2
Volkswagen,Volkswagen Touran,1.5 TSI EVO Active DSG7,2021,1
Volkswagen,Volkswagen Touran,1.6 TDI BlueMotion Tech Confortline Business DSG7,2019,1
Volkswagen,Volkswagen up!,1.0 High Up!,2018,2
Volkswagen,Volkswagen up!,1.0 Lounge,2021,2
Volkswagen,Volkswagen up!,1.0 TSI BlueMotion GTI,2019,1
Volkswagen,Volkswagen up!,1.0 Up! Beats Audio,2017,2
Volvo,Volvo V40,1.5 T3 Momentum Geartronic 6,2018,2
Volvo,Volvo V40,2.0 D2 Inscription,2018,1
Volvo,Volvo V40 Cross Country,Cross Country 1.5 T3 Momentum Geartronic 6,2019,1
Volvo,Volvo XC40,1.5 T3 R-Design Geartronic 8,2019,1
Volvo,Volvo XC40,2.0 D4 AWD AdBlue R-Design Geartronic 8,2019,1
Volvo,Volvo XC60,2.0 B4 AWD Geartronic 8,2020,1
