source_model,source_year,Versions,Portes,Energie,Boite,"CO2
(g/km)",Prix,url,option_marque_select,option_modele_select,option_year_select,match_type_marque,match_type_modele,match_type_year
Volvo XC40,2019,D3 150 ADBLUE AWD R-DESIGN BV6,5,Dies.,Mécanique,139 (nedc),43 370 €,https://www.caradisiac.com/fiches-techniques/modele--volvo-xc40/2019/,VOLVO,XC40,2019,Very Exact match,Partial match,Very Exact match
Volvo XC40,2019,D3 150 ADBLUE AWD R-DESIGN GEARTRONIC 8,5,Dies.,Automatique,166 (wltp),45 850 €,https://www.caradisiac.com/fiches-techniques/modele--volvo-xc40/2019/,VOLVO,XC40,2019,Very Exact match,Partial match,Very Exact match
Volvo XC40,2019,D3 150 ADBLUE R-DESIGN BV6,5,Dies.,Mécanique,144 (wltp),41 750 €,https://www.caradisiac.com/fiches-techniques/modele--volvo-xc40/2019/,VOLVO,XC40,2019,Very Exact match,Partial match,Very Exact match
Volvo XC40,2019,D3 150 ADBLUE R-DESIGN GEARTRONIC 8,5,Dies.,Automatique,157 (wltp),43 750 €,https://www.caradisiac.com/fiches-techniques/modele--volvo-xc40/2019/,VOLVO,XC40,2019,Very Exact match,Partial match,Very Exact match
Volvo XC40,2019,D3 ADBLUE 150 BUSINESS AWD BV6,5,Dies.,Mécanique,139 (nedc),40 870 €,https://www.caradisiac.com/fiches-techniques/modele--volvo-xc40/2019/,VOLVO,XC40,2019,Very Exact match,Partial match,Very Exact match
Volvo XC40,2019,D3 ADBLUE 150 BUSINESS BV6,5,Dies.,Mécanique,143 (wltp),39 350 €,https://www.caradisiac.com/fiches-techniques/modele--volvo-xc40/2019/,VOLVO,XC40,2019,Very Exact match,Partial match,Very Exact match
Volvo XC40,2019,D3 ADBLUE 150 BUSINESS GEARTRONIC 8,5,Dies.,Automatique,156 (wltp),41 350 €,https://www.caradisiac.com/fiches-techniques/modele--volvo-xc40/2019/,VOLVO,XC40,2019,Very Exact match,Partial match,Very Exact match
Volvo XC40,2019,D3 ADBLUE 150 BV6,5,Dies.,Mécanique,127 (nedc),34 750 €,https://www.caradisiac.com/fiches-techniques/modele--volvo-xc40/2019/,VOLVO,XC40,2019,Very Exact match,Partial match,Very Exact match
Volvo XC40,2019,D3 ADBLUE 150 GEARTRONIC 8,5,Dies.,Automatique,131 (nedc),36 750 €,https://www.caradisiac.com/fiches-techniques/modele--volvo-xc40/2019/,VOLVO,XC40,2019,Very Exact match,Partial match,Very Exact match
Volvo XC40,2019,D3 ADBLUE 150 INSCRIPTION AWD BV6,5,Dies.,Mécanique,139 (nedc),42 970 €,https://www.caradisiac.com/fiches-techniques/modele--volvo-xc40/2019/,VOLVO,XC40,2019,Very Exact match,Partial match,Very Exact match
Volvo XC40,2019,D3 ADBLUE 150 INSCRIPTION BV6,5,Dies.,Mécanique,127 (nedc),40 870 €,https://www.caradisiac.com/fiches-techniques/modele--volvo-xc40/2019/,VOLVO,XC40,2019,Very Exact match,Partial match,Very Exact match
Volvo XC40,2019,D3 ADBLUE 150 INSCRIPTION GEARTRONIC 8,5,Dies.,Automatique,157 (wltp),43 450 €,https://www.caradisiac.com/fiches-techniques/modele--volvo-xc40/2019/,VOLVO,XC40,2019,Very Exact match,Partial match,Very Exact match
Volvo XC40,2019,D3 ADBLUE 150 INSCRIPTION LUXE,5,Dies.,Mécanique,127 (nedc),46 240 €,https://www.caradisiac.com/fiches-techniques/modele--volvo-xc40/2019/,VOLVO,XC40,2019,Very Exact match,Partial match,Very Exact match
Volvo XC40,2019,D3 ADBLUE 150 INSCRIPTION LUXE AWD BV6,5,Dies.,Mécanique,139 (nedc),48 340 €,https://www.caradisiac.com/fiches-techniques/modele--volvo-xc40/2019/,VOLVO,XC40,2019,Very Exact match,Partial match,Very Exact match
Volvo XC40,2019,D3 ADBLUE 150 INSCRIPTION LUXE GEARTRONIC 8,5,Dies.,Automatique,158 (wltp),48 950 €,https://www.caradisiac.com/fiches-techniques/modele--volvo-xc40/2019/,VOLVO,XC40,2019,Very Exact match,Partial match,Very Exact match
Volvo XC40,2019,,,,,,,https://www.caradisiac.com/fiches-techniques/modele--volvo-xc40/2019/,VOLVO,XC40,2019,Very Exact match,Partial match,Very Exact match
Volvo XC40,2019,D3 ADBLUE 150 MOMENTUM AWD BV6,5,Dies.,Mécanique,139 (nedc),38 970 €,https://www.caradisiac.com/fiches-techniques/modele--volvo-xc40/2019/,VOLVO,XC40,2019,Very Exact match,Partial match,Very Exact match
Volvo XC40,2019,D3 ADBLUE 150 MOMENTUM BV6,5,Dies.,Mécanique,143 (wltp),37 050 €,https://www.caradisiac.com/fiches-techniques/modele--volvo-xc40/2019/,VOLVO,XC40,2019,Very Exact match,Partial match,Very Exact match
Volvo XC40,2019,D3 ADBLUE 150 MOMENTUM GEARTRONIC 8,5,Dies.,Automatique,156 (wltp),39 050 €,https://www.caradisiac.com/fiches-techniques/modele--volvo-xc40/2019/,VOLVO,XC40,2019,Very Exact match,Partial match,Very Exact match
Volvo XC40,2019,D3 AWD ADBLUE 150 BUSINESS GEARTRONIC 8,5,Dies.,Automatique,165 (wltp),43 450 €,https://www.caradisiac.com/fiches-techniques/modele--volvo-xc40/2019/,VOLVO,XC40,2019,Very Exact match,Partial match,Very Exact match
Volvo XC40,2019,"Devis assurance auto
Financement",,,,,,https://www.caradisiac.com/fiches-techniques/modele--volvo-xc40/2019/,VOLVO,XC40,2019,Very Exact match,Partial match,Very Exact match
Volvo XC40,2019,D3 AWD ADBLUE 150 INSCRIPTION GEARTRONIC 8,5,Dies.,Automatique,165 (wltp),45 550 €,https://www.caradisiac.com/fiches-techniques/modele--volvo-xc40/2019/,VOLVO,XC40,2019,Very Exact match,Partial match,Very Exact match
Volvo XC40,2019,D3 AWD ADBLUE 150 INSCRIPTION LUXE GEARTRONIC 8,5,Dies.,Automatique,166 (wltp),51 050 €,https://www.caradisiac.com/fiches-techniques/modele--volvo-xc40/2019/,VOLVO,XC40,2019,Very Exact match,Partial match,Very Exact match
Volvo XC40,2019,D3 AWD ADBLUE 150 MOMENTUM GEARTRONIC 8,5,Dies.,Automatique,141 (nedc),40 970 €,https://www.caradisiac.com/fiches-techniques/modele--volvo-xc40/2019/,VOLVO,XC40,2019,Very Exact match,Partial match,Very Exact match
Volvo XC40,2019,D4 AWD ADBLUE 190 BUSINESS GEARTRONIC 8,5,Dies.,Automatique,166 (wltp),46 750 €,https://www.caradisiac.com/fiches-techniques/modele--volvo-xc40/2019/,VOLVO,XC40,2019,Very Exact match,Partial match,Very Exact match
Volvo XC40,2019,D4 AWD ADBLUE 190 INSCRIPTION GEARTRONIC 8,5,Dies.,Automatique,167 (wltp),48 850 €,https://www.caradisiac.com/fiches-techniques/modele--volvo-xc40/2019/,VOLVO,XC40,2019,Very Exact match,Partial match,Very Exact match
Volvo XC40,2019,D4 AWD ADBLUE 190 INSCRIPTION LUXE GEARTRONIC 8,5,Dies.,Automatique,169 (wltp),54 350 €,https://www.caradisiac.com/fiches-techniques/modele--volvo-xc40/2019/,VOLVO,XC40,2019,Very Exact match,Partial match,Very Exact match
Volvo XC40,2019,D4 AWD ADBLUE 190 MOMENTUM GEARTRONIC8,5,Dies.,Automatique,166 (wltp),44 450 €,https://www.caradisiac.com/fiches-techniques/modele--volvo-xc40/2019/,VOLVO,XC40,2019,Very Exact match,Partial match,Very Exact match
Volvo XC40,2019,D4 AWD ADBLUE 190 R-DESIGN GEARTRONIC 8,5,Dies.,Automatique,167 (wltp),49 150 €,https://www.caradisiac.com/fiches-techniques/modele--volvo-xc40/2019/,VOLVO,XC40,2019,Very Exact match,Partial match,Very Exact match
Volvo XC40,2019,T3 156 BUSINESS BV6,5,Ess.,Mécanique,144 (nedc),35 270 €,https://www.caradisiac.com/fiches-techniques/modele--volvo-xc40/2019/,VOLVO,XC40,2019,Very Exact match,Partial match,Very Exact match
Volvo XC40,2019,T3 156 BV6,5,Ess.,Mécanique,144 (nedc),31 350 €,https://www.caradisiac.com/fiches-techniques/modele--volvo-xc40/2019/,VOLVO,XC40,2019,Very Exact match,Partial match,Very Exact match
Volvo XC40,2019,T3 156 INSCRIPTION BV6,5,Ess.,Mécanique,144 (nedc),38 170 €,https://www.caradisiac.com/fiches-techniques/modele--volvo-xc40/2019/,VOLVO,XC40,2019,Very Exact match,Partial match,Very Exact match
Volvo XC40,2019,,,,,,,https://www.caradisiac.com/fiches-techniques/modele--volvo-xc40/2019/,VOLVO,XC40,2019,Very Exact match,Partial match,Very Exact match
Volvo XC40,2019,T3 156 INSCRIPTION LUXE BV6,5,Ess.,Mécanique,144 (nedc),43 550 €,https://www.caradisiac.com/fiches-techniques/modele--volvo-xc40/2019/,VOLVO,XC40,2019,Very Exact match,Partial match,Very Exact match
Volvo XC40,2019,T3 156 MOMENTUM BV6,5,Ess.,Mécanique,144 (nedc),34 100 €,https://www.caradisiac.com/fiches-techniques/modele--volvo-xc40/2019/,VOLVO,XC40,2019,Very Exact match,Partial match,Very Exact match
Volvo XC40,2019,T3 163 BUSINESS BV6,5,Ess.,Mécanique,158 (wltp),36 250 €,https://www.caradisiac.com/fiches-techniques/modele--volvo-xc40/2019/,VOLVO,XC40,2019,Very Exact match,Partial match,Very Exact match
Volvo XC40,2019,T3 163 BV6,5,Ess.,Mécanique,144 (nedc),31 650 €,https://www.caradisiac.com/fiches-techniques/modele--volvo-xc40/2019/,VOLVO,XC40,2019,Very Exact match,Partial match,Very Exact match
Volvo XC40,2019,T3 163 GEARTRONIC 8,5,Ess.,Automatique,147 (nedc),33 650 €,https://www.caradisiac.com/fiches-techniques/modele--volvo-xc40/2019/,VOLVO,XC40,2019,Very Exact match,Partial match,Very Exact match
Volvo XC40,2019,T3 163 INSCRIPTION BV6,5,Ess.,Mécanique,159 (wltp),38 350 €,https://www.caradisiac.com/fiches-techniques/modele--volvo-xc40/2019/,VOLVO,XC40,2019,Very Exact match,Partial match,Very Exact match
Volvo XC40,2019,T3 163 INSCRIPTION GEARTRONIC 8,5,Ess.,Automatique,166 (wltp),40 550 €,https://www.caradisiac.com/fiches-techniques/modele--volvo-xc40/2019/,VOLVO,XC40,2019,Very Exact match,Partial match,Very Exact match
Volvo XC40,2019,T3 163 INSCRIPTION LUXE BV6,5,Ess.,Mécanique,160 (wltp),43 850 €,https://www.caradisiac.com/fiches-techniques/modele--volvo-xc40/2019/,VOLVO,XC40,2019,Very Exact match,Partial match,Very Exact match
Volvo XC40,2019,"Devis assurance auto
Financement",,,,,,https://www.caradisiac.com/fiches-techniques/modele--volvo-xc40/2019/,VOLVO,XC40,2019,Very Exact match,Partial match,Very Exact match
Volvo XC40,2019,T3 163 INSCRIPTION LUXE GEARTRONIC 8,5,Ess.,Automatique,167 (wltp),45 200 €,https://www.caradisiac.com/fiches-techniques/modele--volvo-xc40/2019/,VOLVO,XC40,2019,Very Exact match,Partial match,Very Exact match
Volvo XC40,2019,T3 163 MOMENTUM BUSINESS BV6,5,Ess.,Mécanique,158 (wltp),33 950 €,https://www.caradisiac.com/fiches-techniques/modele--volvo-xc40/2019/,VOLVO,XC40,2019,Very Exact match,Partial match,Very Exact match
Volvo XC40,2019,T3 163 MOMENTUM BUSINESS GEARTRONIC,5,Ess.,Automatique,166 (wltp),38 450 €,https://www.caradisiac.com/fiches-techniques/modele--volvo-xc40/2019/,VOLVO,XC40,2019,Very Exact match,Partial match,Very Exact match
Volvo XC40,2019,T3 163 MOMENTUM BUSINESS GEARTRONIC 8,5,Ess.,Automatique,166 (wltp),36 250 €,https://www.caradisiac.com/fiches-techniques/modele--volvo-xc40/2019/,VOLVO,XC40,2019,Very Exact match,Partial match,Very Exact match
Volvo XC40,2019,T3 163 MOMENTUM BV6,5,Ess.,Mécanique,158 (wltp),33 950 €,https://www.caradisiac.com/fiches-techniques/modele--volvo-xc40/2019/,VOLVO,XC40,2019,Very Exact match,Partial match,Very Exact match
Volvo XC40,2019,T3 163 MOMENTUM GEARTRONIC 8,5,Ess.,Automatique,166 (wltp),36 250 €,https://www.caradisiac.com/fiches-techniques/modele--volvo-xc40/2019/,VOLVO,XC40,2019,Very Exact match,Partial match,Very Exact match
Volvo XC40,2019,T3 163 R-DESIGN BVM6,5,Ess.,Mécanique,159 (wltp),38 650 €,https://www.caradisiac.com/fiches-techniques/modele--volvo-xc40/2019/,VOLVO,XC40,2019,Very Exact match,Partial match,Very Exact match
Volvo XC40,2019,T3 163 R-DESIGN GEARTRONIC 8,5,Ess.,Automatique,166 (wltp),40 850 €,https://www.caradisiac.com/fiches-techniques/modele--volvo-xc40/2019/,VOLVO,XC40,2019,Very Exact match,Partial match,Very Exact match
Volvo XC40,2019,T4 190 AWD BUSINESS GEARTRONIC 8,5,Ess.,Automatique,161 (nedc),43 720 €,https://www.caradisiac.com/fiches-techniques/modele--volvo-xc40/2019/,VOLVO,XC40,2019,Very Exact match,Partial match,Very Exact match
Volvo XC40,2019,T4 190 AWD INSCRIPTION GEARTRONIC 8,5,Ess.,Automatique,161 (nedc),45 820 €,https://www.caradisiac.com/fiches-techniques/modele--volvo-xc40/2019/,VOLVO,XC40,2019,Very Exact match,Partial match,Very Exact match
Volvo XC40,2019,T4 190 AWD INSCRIPTION LUXE GEARTRONIC 8,5,Ess.,Automatique,161 (nedc),51 190 €,https://www.caradisiac.com/fiches-techniques/modele--volvo-xc40/2019/,VOLVO,XC40,2019,Very Exact match,Partial match,Very Exact match
Volvo XC40,2019,T4 190 AWD MOMENTUM GEARTRONIC 8,5,Ess.,Automatique,161 (nedc),41 820 €,https://www.caradisiac.com/fiches-techniques/modele--volvo-xc40/2019/,VOLVO,XC40,2019,Very Exact match,Partial match,Very Exact match
Volvo XC40,2019,T4 190 AWD R-DESIGN GEARTRONIC 8,5,Ess.,Automatique,161 (nedc),46 220 €,https://www.caradisiac.com/fiches-techniques/modele--volvo-xc40/2019/,VOLVO,XC40,2019,Very Exact match,Partial match,Very Exact match
Volvo XC40,2019,T4 190 BUSINESS GEARTRONIC 8,5,Ess.,Automatique,154 (nedc),41 620 €,https://www.caradisiac.com/fiches-techniques/modele--volvo-xc40/2019/,VOLVO,XC40,2019,Very Exact match,Partial match,Very Exact match
Volvo XC40,2019,T4 190 INSCRIPTION GEARTRONIC 8,5,Ess.,Automatique,154 (nedc),43 720 €,https://www.caradisiac.com/fiches-techniques/modele--volvo-xc40/2019/,VOLVO,XC40,2019,Very Exact match,Partial match,Very Exact match
Volvo XC40,2019,T4 190 INSCRIPTION LUXE GEARTRONIC 8,5,Ess.,Automatique,154 (nedc),49 090 €,https://www.caradisiac.com/fiches-techniques/modele--volvo-xc40/2019/,VOLVO,XC40,2019,Very Exact match,Partial match,Very Exact match
Volvo XC40,2019,T4 190 MOMENTUM GEARTRONIC 8,5,Ess.,Automatique,154 (nedc),39 720 €,https://www.caradisiac.com/fiches-techniques/modele--volvo-xc40/2019/,VOLVO,XC40,2019,Very Exact match,Partial match,Very Exact match
Volvo XC40,2019,T4 190 R-DESIGN GEARTRONIC 8,5,Ess.,Automatique,154 (nedc),44 120 €,https://www.caradisiac.com/fiches-techniques/modele--volvo-xc40/2019/,VOLVO,XC40,2019,Very Exact match,Partial match,Very Exact match
Volvo XC40,2019,T5 247 AWD INSCRIPTION GEARTRONIC 8,5,Ess.,Automatique,164 (nedc),48 620 €,https://www.caradisiac.com/fiches-techniques/modele--volvo-xc40/2019/,VOLVO,XC40,2019,Very Exact match,Partial match,Very Exact match
Volvo XC40,2019,"Devis assurance auto
Financement",,,,,,https://www.caradisiac.com/fiches-techniques/modele--volvo-xc40/2019/,VOLVO,XC40,2019,Very Exact match,Partial match,Very Exact match
Volvo XC40,2019,T5 247 AWD INSCRIPTION LUXE GEARTRONIC 8,5,Ess.,Automatique,164 (nedc),53 990 €,https://www.caradisiac.com/fiches-techniques/modele--volvo-xc40/2019/,VOLVO,XC40,2019,Very Exact match,Partial match,Very Exact match
Volvo XC40,2019,T5 247 AWD MOMENTUM GEARTRONIC 8,5,Ess.,Automatique,164 (nedc),44 620 €,https://www.caradisiac.com/fiches-techniques/modele--volvo-xc40/2019/,VOLVO,XC40,2019,Very Exact match,Partial match,Very Exact match
Volvo XC40,2019,T5 247 AWD R-DESIGN GEARTRONIC 8,5,Ess.,Automatique,164 (nedc),49 020 €,https://www.caradisiac.com/fiches-techniques/modele--volvo-xc40/2019/,VOLVO,XC40,2019,Very Exact match,Partial match,Very Exact match
Volvo XC40,2019,T5 TWE 262 INSCRIPTION DCT,5,Ess./Elec.,Automatique,41 (nedc),49 950 €,https://www.caradisiac.com/fiches-techniques/modele--volvo-xc40/2019/,VOLVO,XC40,2019,Very Exact match,Partial match,Very Exact match
Volvo XC40,2019,T5 TWE 262 INSCRIPTION LUXE DCT,5,Ess./Elec.,Automatique,41 (nedc),55 210 €,https://www.caradisiac.com/fiches-techniques/modele--volvo-xc40/2019/,VOLVO,XC40,2019,Very Exact match,Partial match,Very Exact match
Volvo XC40,2019,T5 TWE 262 MOMENTUM DCT,5,Ess./Elec.,Automatique,41 (nedc),45 600 €,https://www.caradisiac.com/fiches-techniques/modele--volvo-xc40/2019/,VOLVO,XC40,2019,Very Exact match,Partial match,Very Exact match
Volvo XC40,2019,T5 TWE 262 R-DESIGN DCT,5,Ess./Elec.,Automatique,41 (nedc),50 250 €,https://www.caradisiac.com/fiches-techniques/modele--volvo-xc40/2019/,VOLVO,XC40,2019,Very Exact match,Partial match,Very Exact match
Volvo XC40,2019,T5 TWE RECHARGE 180+82 8CV BUSINESS DCT,5,Ess./Elec.,Automatique,41 (nedc),47 500 €,https://www.caradisiac.com/fiches-techniques/modele--volvo-xc40/2019/,VOLVO,XC40,2019,Very Exact match,Partial match,Very Exact match
Volvo XC60,2020,II B4 197 BUSINESS EXECUTIVE GEARTRONIC 8,5,Ess.,Automatique,149 (nedc),50 680 €,https://www.caradisiac.com/fiches-techniques/modele--volvo-xc60-2e-generation/2020/,VOLVO,XC60,2020,Very Exact match,Partial match,Very Exact match
Volvo XC60,2020,II B4 197 D MOMENTUM GEARTRONIC 8,5,Dies.,Automatique,129 (nedc),49 230 €,https://www.caradisiac.com/fiches-techniques/modele--volvo-xc60-2e-generation/2020/,VOLVO,XC60,2020,Very Exact match,Partial match,Very Exact match
Volvo XC60,2020,II B4 197 H BUSINESS EXECUTIVE GEARTRONIC 8,5,Dies.,Automatique,129 (nedc),52 730 €,https://www.caradisiac.com/fiches-techniques/modele--volvo-xc60-2e-generation/2020/,VOLVO,XC60,2020,Very Exact match,Partial match,Very Exact match
Volvo XC60,2020,II B4 197 H INSCRIPTION GEARTRONIC 8,5,Dies.,Automatique,129 (nedc),56 530 €,https://www.caradisiac.com/fiches-techniques/modele--volvo-xc60-2e-generation/2020/,VOLVO,XC60,2020,Very Exact match,Partial match,Very Exact match
Volvo XC60,2020,II B4 197 H R-DESIGN GEARTRONIC 8,5,Dies.,Automatique,129 (nedc),55 880 €,https://www.caradisiac.com/fiches-techniques/modele--volvo-xc60-2e-generation/2020/,VOLVO,XC60,2020,Very Exact match,Partial match,Very Exact match
Volvo XC60,2020,II B4 197 INSCRIPTION GEARTRONIC 8,5,Ess.,Automatique,149 (nedc),54 480 €,https://www.caradisiac.com/fiches-techniques/modele--volvo-xc60-2e-generation/2020/,VOLVO,XC60,2020,Very Exact match,Partial match,Very Exact match
Volvo XC60,2020,II B4 197 INSCRIPTION LUXE GEARTRONIC 8,5,Ess.,Automatique,149 (nedc),60 580 €,https://www.caradisiac.com/fiches-techniques/modele--volvo-xc60-2e-generation/2020/,VOLVO,XC60,2020,Very Exact match,Partial match,Very Exact match
Volvo XC60,2020,II B4 197 R-DESIGN GEARTRONIC 8,5,Ess.,Automatique,149 (nedc),53 830 €,https://www.caradisiac.com/fiches-techniques/modele--volvo-xc60-2e-generation/2020/,VOLVO,XC60,2020,Very Exact match,Partial match,Very Exact match
Volvo XC60,2020,II B4 AWD 197 11CV MOMENTUM GEARTRONIC 8,5,Dies.,Automatique,142 (nedc),51 230 €,https://www.caradisiac.com/fiches-techniques/modele--volvo-xc60-2e-generation/2020/,VOLVO,XC60,2020,Very Exact match,Partial match,Very Exact match
Volvo XC60,2020,II B4 AWD 197 D BUSINESS EXECUTIVE GEARTRONIC 8,5,Dies.,Automatique,142 (nedc),54 980 €,https://www.caradisiac.com/fiches-techniques/modele--volvo-xc60-2e-generation/2020/,VOLVO,XC60,2020,Very Exact match,Partial match,Very Exact match
Volvo XC60,2020,II B4 AWD 197 D INSCRIPTION GEARTRONIC 8,5,Dies.,Automatique,142 (nedc),58 780 €,https://www.caradisiac.com/fiches-techniques/modele--volvo-xc60-2e-generation/2020/,VOLVO,XC60,2020,Very Exact match,Partial match,Very Exact match
Volvo XC60,2020,II B4 AWD 197 D INSCRIPTION LUXE GEARTRONIC 8,5,Dies.,Automatique,142 (nedc),64 880 €,https://www.caradisiac.com/fiches-techniques/modele--volvo-xc60-2e-generation/2020/,VOLVO,XC60,2020,Very Exact match,Partial match,Very Exact match
Volvo XC60,2020,II B4 AWD 197 D R-DESIGN GEARTRONIC 8,5,Dies.,Automatique,142 (nedc),58 130 €,https://www.caradisiac.com/fiches-techniques/modele--volvo-xc60-2e-generation/2020/,VOLVO,XC60,2020,Very Exact match,Partial match,Very Exact match
Volvo XC60,2020,II B4 AWD 197 MOMENTUM GEARTRONIC 8,5,Dies.,Automatique,142 (nedc),51 230 €,https://www.caradisiac.com/fiches-techniques/modele--volvo-xc60-2e-generation/2020/,VOLVO,XC60,2020,Very Exact match,Partial match,Very Exact match
Volvo XC60,2020,II B5 AWD 235 13CV INSCRIPTION GEARTRONIC 8,5,Dies.,Automatique,142 (nedc),63 280 €,https://www.caradisiac.com/fiches-techniques/modele--volvo-xc60-2e-generation/2020/,VOLVO,XC60,2020,Very Exact match,Partial match,Very Exact match
Volvo XC60,2020,,,,,,,https://www.caradisiac.com/fiches-techniques/modele--volvo-xc60-2e-generation/2020/,VOLVO,XC60,2020,Very Exact match,Partial match,Very Exact match
Volvo XC60,2020,II B5 AWD 235 13CV INSCRIPTION LUXE GEARTRONIC 8,5,Dies.,Automatique,142 (nedc),69 380 €,https://www.caradisiac.com/fiches-techniques/modele--volvo-xc60-2e-generation/2020/,VOLVO,XC60,2020,Very Exact match,Partial match,Very Exact match
Volvo XC60,2020,II B5 AWD 235 13CV R-DESIGN GEARTRONIC 8,5,Dies.,Automatique,142 (nedc),62 630 €,https://www.caradisiac.com/fiches-techniques/modele--volvo-xc60-2e-generation/2020/,VOLVO,XC60,2020,Very Exact match,Partial match,Very Exact match
Volvo XC60,2020,II B5 AWD 235 BUSINESS EXECUTIVE GEARTRONIC 8,5,Dies./Elec.,Automatique,142 (nedc),59 230 €,https://www.caradisiac.com/fiches-techniques/modele--volvo-xc60-2e-generation/2020/,VOLVO,XC60,2020,Very Exact match,Partial match,Very Exact match
Volvo XC60,2020,II B5 AWD 235 INSCRIPTION GEARTRONIC 8,5,Dies./Elec.,Automatique,142 (nedc),62 680 €,https://www.caradisiac.com/fiches-techniques/modele--volvo-xc60-2e-generation/2020/,VOLVO,XC60,2020,Very Exact match,Partial match,Very Exact match
Volvo XC60,2020,"Devis assurance auto
Financement",,,,,,https://www.caradisiac.com/fiches-techniques/modele--volvo-xc60-2e-generation/2020/,VOLVO,XC60,2020,Very Exact match,Partial match,Very Exact match
Volvo XC60,2020,II B5 AWD 235 INSCRIPTION LUXE GEARTRONIC 8,5,Dies./Elec.,Automatique,142 (nedc),68 130 €,https://www.caradisiac.com/fiches-techniques/modele--volvo-xc60-2e-generation/2020/,VOLVO,XC60,2020,Very Exact match,Partial match,Very Exact match
Volvo XC60,2020,II B5 AWD 235 MOMENTUM GEARTRONIC 8,5,Dies./Elec.,Automatique,142 (nedc),55 730 €,https://www.caradisiac.com/fiches-techniques/modele--volvo-xc60-2e-generation/2020/,VOLVO,XC60,2020,Very Exact match,Partial match,Very Exact match
Volvo XC60,2020,II B5 AWD 235 R-DESIGN GEARTRONIC 8,5,Dies./Elec.,Automatique,142 (nedc),62 030 €,https://www.caradisiac.com/fiches-techniques/modele--volvo-xc60-2e-generation/2020/,VOLVO,XC60,2020,Very Exact match,Partial match,Very Exact match
Volvo XC60,2020,II B5 AWD 250 BUSINESS EXECUTIVE GEARTRONIC 8,5,Ess./Elec.,Automatique,160 (nedc),55 680 €,https://www.caradisiac.com/fiches-techniques/modele--volvo-xc60-2e-generation/2020/,VOLVO,XC60,2020,Very Exact match,Partial match,Very Exact match
Volvo XC60,2020,II B5 AWD 250 INSCRIPTION GEARTRONIC 8,5,Ess.,Automatique,160 (nedc),59 730 €,https://www.caradisiac.com/fiches-techniques/modele--volvo-xc60-2e-generation/2020/,VOLVO,XC60,2020,Very Exact match,Partial match,Very Exact match
Volvo XC60,2020,II B5 AWD 250 INSCRIPTION LUXE GEARTRONIC 8,5,Ess.,Automatique,160 (nedc),65 830 €,https://www.caradisiac.com/fiches-techniques/modele--volvo-xc60-2e-generation/2020/,VOLVO,XC60,2020,Very Exact match,Partial match,Very Exact match
Volvo XC60,2020,II B5 AWD 250 MOMENTUM GEARTRONIC 8,5,Ess./Elec.,Automatique,160 (nedc),52 180 €,https://www.caradisiac.com/fiches-techniques/modele--volvo-xc60-2e-generation/2020/,VOLVO,XC60,2020,Very Exact match,Partial match,Very Exact match
Volvo XC60,2020,II B5 AWD 250 R-DESIGN GEARTRONIC 8,5,Ess.,Automatique,160 (nedc),59 080 €,https://www.caradisiac.com/fiches-techniques/modele--volvo-xc60-2e-generation/2020/,VOLVO,XC60,2020,Very Exact match,Partial match,Very Exact match
Volvo XC60,2020,II D3 150 ADBLUE BUSINESS EXECUTIVE,5,Dies.,Mécanique,131 (nedc),46 530 €,https://www.caradisiac.com/fiches-techniques/modele--volvo-xc60-2e-generation/2020/,VOLVO,XC60,2020,Very Exact match,Partial match,Very Exact match
Volvo XC60,2020,II D3 150 ADBLUE INSCRIPTION,5,Dies.,Mécanique,131 (nedc),49 830 €,https://www.caradisiac.com/fiches-techniques/modele--volvo-xc60-2e-generation/2020/,VOLVO,XC60,2020,Very Exact match,Partial match,Very Exact match
Volvo XC60,2020,II D3 150 ADBLUE INSCRIPTION LUXE,5,Dies.,Mécanique,131 (nedc),55 280 €,https://www.caradisiac.com/fiches-techniques/modele--volvo-xc60-2e-generation/2020/,VOLVO,XC60,2020,Very Exact match,Partial match,Very Exact match
Volvo XC60,2020,,,,,,,https://www.caradisiac.com/fiches-techniques/modele--volvo-xc60-2e-generation/2020/,VOLVO,XC60,2020,Very Exact match,Partial match,Very Exact match
Volvo XC60,2020,II D3 150 ADBLUE MOMENTUM,5,Dies.,Mécanique,131 (nedc),43 030 €,https://www.caradisiac.com/fiches-techniques/modele--volvo-xc60-2e-generation/2020/,VOLVO,XC60,2020,Very Exact match,Partial match,Very Exact match
Volvo XC60,2020,II D3 150 ADBLUE R-DESIGN,5,Dies.,Mécanique,131 (nedc),49 330 €,https://www.caradisiac.com/fiches-techniques/modele--volvo-xc60-2e-generation/2020/,VOLVO,XC60,2020,Very Exact match,Partial match,Very Exact match
Volvo XC60,2020,II D4 190 ADBLUE BUSINESS EXECUTIVE,5,Dies.,Mécanique,129 (nedc),49 430 €,https://www.caradisiac.com/fiches-techniques/modele--volvo-xc60-2e-generation/2020/,VOLVO,XC60,2020,Very Exact match,Partial match,Very Exact match
Volvo XC60,2020,II D4 190 ADBLUE BUSINESS EXECUTIVE GEARTRONIC 8,5,Dies.,Automatique,157 (wltp),51 880 €,https://www.caradisiac.com/fiches-techniques/modele--volvo-xc60-2e-generation/2020/,VOLVO,XC60,2020,Very Exact match,Partial match,Very Exact match
Volvo XC60,2020,II D4 190 ADBLUE INSCRIPTION,5,Dies.,Mécanique,129 (nedc),52 730 €,https://www.caradisiac.com/fiches-techniques/modele--volvo-xc60-2e-generation/2020/,VOLVO,XC60,2020,Very Exact match,Partial match,Very Exact match
Volvo XC60,2020,II D4 190 ADBLUE INSCRIPTION GEARTRONIC 8,5,Dies.,Automatique,157 (wltp),55 530 €,https://www.caradisiac.com/fiches-techniques/modele--volvo-xc60-2e-generation/2020/,VOLVO,XC60,2020,Very Exact match,Partial match,Very Exact match
Volvo XC60,2020,II D4 190 ADBLUE INSCRIPTION LUXE,5,Dies.,Mécanique,129 (nedc),58 180 €,https://www.caradisiac.com/fiches-techniques/modele--volvo-xc60-2e-generation/2020/,VOLVO,XC60,2020,Very Exact match,Partial match,Very Exact match
Volvo XC60,2020,II D4 190 ADBLUE INSCRIPTION LUXE GEARTRONIC 8,5,Dies.,Automatique,158 (wltp),61 630 €,https://www.caradisiac.com/fiches-techniques/modele--volvo-xc60-2e-generation/2020/,VOLVO,XC60,2020,Very Exact match,Partial match,Very Exact match
Volvo XC60,2020,"Devis assurance auto
Financement",,,,,,https://www.caradisiac.com/fiches-techniques/modele--volvo-xc60-2e-generation/2020/,VOLVO,XC60,2020,Very Exact match,Partial match,Very Exact match
Volvo XC60,2020,II D4 190 ADBLUE MOMENTUM,5,Dies.,Mécanique,129 (nedc),45 930 €,https://www.caradisiac.com/fiches-techniques/modele--volvo-xc60-2e-generation/2020/,VOLVO,XC60,2020,Very Exact match,Partial match,Very Exact match
Volvo XC60,2020,II D4 190 ADBLUE MOMENTUM GEARTRONIC 8,5,Dies.,Automatique,157 (wltp),48 380 €,https://www.caradisiac.com/fiches-techniques/modele--volvo-xc60-2e-generation/2020/,VOLVO,XC60,2020,Very Exact match,Partial match,Very Exact match
Volvo XC60,2020,II D4 190 ADBLUE R-DESIGN,5,Dies.,Mécanique,129 (nedc),52 230 €,https://www.caradisiac.com/fiches-techniques/modele--volvo-xc60-2e-generation/2020/,VOLVO,XC60,2020,Very Exact match,Partial match,Very Exact match
Volvo XC60,2020,II D4 190 ADBLUE R-DESIGN GEARTRONIC 8,5,Dies.,Automatique,157 (wltp),55 030 €,https://www.caradisiac.com/fiches-techniques/modele--volvo-xc60-2e-generation/2020/,VOLVO,XC60,2020,Very Exact match,Partial match,Very Exact match
Volvo XC60,2020,II D4 ADBLUE 190 INITIATE EDITION GEARTRONIC 8,5,Dies.,Automatique,129 (nedc),50 540 €,https://www.caradisiac.com/fiches-techniques/modele--volvo-xc60-2e-generation/2020/,VOLVO,XC60,2020,Very Exact match,Partial match,Very Exact match
Volvo XC60,2020,II RECHARGE T6 253 + 87 BUSINESS EXECUTIVE GEARTRONIC 8,5,Ess./Elec.,Automatique,54 (wltp),65 980 €,https://www.caradisiac.com/fiches-techniques/modele--volvo-xc60-2e-generation/2020/,VOLVO,XC60,2020,Very Exact match,Partial match,Very Exact match
Volvo XC60,2020,II RECHARGE T6 253 + 87 INSCRIPTION GEARTRONIC 8,5,Ess./Elec.,Automatique,54 (wltp),69 530 €,https://www.caradisiac.com/fiches-techniques/modele--volvo-xc60-2e-generation/2020/,VOLVO,XC60,2020,Very Exact match,Partial match,Very Exact match
Volvo XC60,2020,II RECHARGE T6 253 + 87 INSCRIPTION LUXE GEARTRONIC 8,5,Ess./Elec.,Automatique,54 (wltp),73 930 €,https://www.caradisiac.com/fiches-techniques/modele--volvo-xc60-2e-generation/2020/,VOLVO,XC60,2020,Very Exact match,Partial match,Very Exact match
Volvo XC60,2020,II RECHARGE T6 253 + 87 R-DESIGN GEARTRONIC 8,5,Ess./Elec.,Automatique,54 (wltp),68 880 €,https://www.caradisiac.com/fiches-techniques/modele--volvo-xc60-2e-generation/2020/,VOLVO,XC60,2020,Very Exact match,Partial match,Very Exact match
Volvo XC60,2020,II RECHARGE T8 390 BUSINESS EXECUTIVE GEARTRONIC 8,5,Ess./Elec.,Automatique,54 (wltp),68 980 €,https://www.caradisiac.com/fiches-techniques/modele--volvo-xc60-2e-generation/2020/,VOLVO,XC60,2020,Very Exact match,Partial match,Very Exact match
Volvo XC60,2020,II RECHARGE T8 390 INSCRIPTION GEARTRONIC 8,5,Ess./Elec.,Automatique,54 (wltp),72 530 €,https://www.caradisiac.com/fiches-techniques/modele--volvo-xc60-2e-generation/2020/,VOLVO,XC60,2020,Very Exact match,Partial match,Very Exact match
Volvo XC60,2020,II RECHARGE T8 390 INSCRIPTION LUXE GEARTRONIC 8,5,Ess./Elec.,Automatique,54 (wltp),76 930 €,https://www.caradisiac.com/fiches-techniques/modele--volvo-xc60-2e-generation/2020/,VOLVO,XC60,2020,Very Exact match,Partial match,Very Exact match
Volvo XC60,2020,II RECHARGE T8 390 R-DESIGN GEARTRONIC 8,5,Ess./Elec.,Automatique,54 (wltp),71 880 €,https://www.caradisiac.com/fiches-techniques/modele--volvo-xc60-2e-generation/2020/,VOLVO,XC60,2020,Very Exact match,Partial match,Very Exact match
Volvo XC60,2020,II T4 190 BUSINESS EXECUTIVE GEARTRONIC 8,5,Ess.,Automatique,165 (nedc),49 580 €,https://www.caradisiac.com/fiches-techniques/modele--volvo-xc60-2e-generation/2020/,VOLVO,XC60,2020,Very Exact match,Partial match,Very Exact match
Volvo XC60,2020,II T4 190 INSCRIPTION GEARTRONIC 8,5,Ess.,Automatique,165 (nedc),52 880 €,https://www.caradisiac.com/fiches-techniques/modele--volvo-xc60-2e-generation/2020/,VOLVO,XC60,2020,Very Exact match,Partial match,Very Exact match
Volvo XC60,2020,II T4 190 INSCRIPTION LUXE GEARTRONIC 8,5,Ess.,Automatique,165 (nedc),58 330 €,https://www.caradisiac.com/fiches-techniques/modele--volvo-xc60-2e-generation/2020/,VOLVO,XC60,2020,Very Exact match,Partial match,Very Exact match
Volvo XC60,2020,II T4 190 MOMENTUM GEARTRONIC 8,5,Ess.,Automatique,165 (nedc),46 080 €,https://www.caradisiac.com/fiches-techniques/modele--volvo-xc60-2e-generation/2020/,VOLVO,XC60,2020,Very Exact match,Partial match,Very Exact match
Volvo XC60,2020,II T4 190 R-DESIGN GEARTRONIC 8,5,Ess.,Automatique,165 (nedc),52 380 €,https://www.caradisiac.com/fiches-techniques/modele--volvo-xc60-2e-generation/2020/,VOLVO,XC60,2020,Very Exact match,Partial match,Very Exact match
Volvo XC60,2020,II T8 AWD 405 POLESTAR ENGINEERED GEARTRONIC,5,Ess./Elec.,Automatique,69 (wltp),81 880 €,https://www.caradisiac.com/fiches-techniques/modele--volvo-xc60-2e-generation/2020/,VOLVO,XC60,2020,Very Exact match,Partial match,Very Exact match
Volvo XC60,2020,"Devis assurance auto
Financement",,,,,,https://www.caradisiac.com/fiches-techniques/modele--volvo-xc60-2e-generation/2020/,VOLVO,XC60,2020,Very Exact match,Partial match,Very Exact match
Volvo XC60,2020,II T8 TWIN ENGINE 390 BUSINESS EXECUTIVE GEARTRONIC 8,5,Ess./Elec.,Automatique,42 (nedc),70 880 €,https://www.caradisiac.com/fiches-techniques/modele--volvo-xc60-2e-generation/2020/,VOLVO,XC60,2020,Very Exact match,Partial match,Very Exact match
Volvo XC60,2020,II T8 TWIN ENGINE 390 INSCRIPTION GEARTRONIC 8,5,Ess./Elec.,Automatique,42 (nedc),74 330 €,https://www.caradisiac.com/fiches-techniques/modele--volvo-xc60-2e-generation/2020/,VOLVO,XC60,2020,Very Exact match,Partial match,Very Exact match
Volvo XC60,2020,II T8 TWIN ENGINE 390 INSCRIPTION LUXE GEARTRONIC 8,5,Ess./Elec.,Automatique,42 (nedc),78 430 €,https://www.caradisiac.com/fiches-techniques/modele--volvo-xc60-2e-generation/2020/,VOLVO,XC60,2020,Very Exact match,Partial match,Very Exact match
Volvo XC60,2020,II T8 TWIN ENGINE 390 MOMENTUM GEARTRONIC 8,5,Ess./Elec.,Automatique,42 (nedc),67 380 €,https://www.caradisiac.com/fiches-techniques/modele--volvo-xc60-2e-generation/2020/,VOLVO,XC60,2020,Very Exact match,Partial match,Very Exact match
Volvo XC60,2020,II T8 TWIN ENGINE 390 R-DESIGN GEARTRONIC 8,5,Ess./Elec.,Automatique,42 (nedc),73 680 €,https://www.caradisiac.com/fiches-techniques/modele--volvo-xc60-2e-generation/2020/,VOLVO,XC60,2020,Very Exact match,Partial match,Very Exact match
